,Average_RMSE_norm,Average_RMSE_denorm
0,0.07283170503195927,24.996017461417857
