,Average_RMSE_norm,Average_RMSE_denorm
0,0.04344413603609132,32.1885112358202
