,Average_RMSE_norm,Average_RMSE_denorm
0,0.043444265953658565,32.189059493007456
