,Average_RMSE_norm,Average_RMSE_denorm
0,0.04351080012827644,10.340417519435205
