,Average_RMSE_norm,Average_RMSE_denorm
0,0.06413063502517241,10.307537401507393
