,Average_RMSE_norm,Average_RMSE_denorm
0,0.04351080249645807,10.340397360451814
