,Average_RMSE_norm,Average_RMSE_denorm
0,0.055341892425743514,16.98644530980465
