,Average_RMSE_norm,Average_RMSE_denorm
0,0.048725961994213765,11.906344375461039
