,Average_RMSE_norm,Average_RMSE_denorm
0,0.04872651497186759,11.90672133631089
