 ,Average_RMSE_norm   ,Average_RMSE_denorm
0,0.055151117449460316,1.2569449479138781
