,configuration,RMSE_normalized,RMSE_denormalized
0,LSTM_256_neurons_30_days,0.07612696815791171,0.01887018684940505
1,LSTM_256_neurons_200_days,0.03740756658066517,0.00927250528440682
2,LSTM_256_neurons_100_days,0.03665485871935737,0.0090859245718151
3,LSTM_128_neurons_30_days,0.07160011616872873,0.017748079467806557
4,LSTM_128_neurons_200_days,0.04174272766014248,0.010347096008280585
5,LSTM_128_neurons_100_days,0.04331790337969897,0.0107375471603635
