,configuration,RMSE_normalized,RMSE_denormalized
0,LSTM_256_neurons_30_days,0.05964124234910328,7.218379768643656e-06
1,LSTM_256_neurons_200_days,0.04948270483930267,5.9888923050277605e-06
2,LSTM_256_neurons_100_days,0.05748670706536125,6.957616166432123e-06
3,LSTM_128_neurons_30_days,0.05279266700354861,6.389497401527446e-06
4,LSTM_128_neurons_200_days,0.048686231186205305,5.892494846599373e-06
5,LSTM_128_neurons_100_days,0.04578030392560063,5.5407901694963255e-06
