,model,mean_rmse_norm,mean_rmse_denorm
0,LSTM_128_neurons_30_days,0.044245970021955135,17.739609533857763
1,LSTM_256_neurons_30_days,0.08644059442099315,19.86360247706059
2,LSTM_128_neurons_100_days,0.05482008354609064,33.40753188267663
3,LSTM_256_neurons_100_days,0.08820680490305188,14.197488704316697
4,LSTM_128_neurons_200_days,0.04285420966184425,18.102795275085256
5,LSTM_256_neurons_200_days,0.04344413603609132,32.1885112358202
