,model,mean_rmse_norm,mean_rmse_denorm
0,LSTM_128_neurons_30_days,0.043584157821719954,17.653756883918085
1,LSTM_256_neurons_30_days,0.05930404022113005,10.786877334858456
2,LSTM_128_neurons_100_days,0.05194718829146785,29.08073710807421
3,LSTM_256_neurons_100_days,0.05702850362177181,15.538508325242876
4,LSTM_128_neurons_200_days,0.02579436347297684,30.877537232379343
5,LSTM_256_neurons_200_days,0.07283170503195927,24.996017461417857
