,configuration,RMSE_normalized,RMSE_denormalized
0,LSTM_256_neurons_30_days,0.04238203896387596,8.465221179095844
1,LSTM_256_neurons_200_days,0.04674511607423521,9.336685029260444
2,LSTM_256_neurons_100_days,0.045050058292480766,8.998120761623088
3,LSTM_128_neurons_30_days,0.048746209286706685,9.736372141813726
4,LSTM_128_neurons_200_days,0.05546946387859135,11.079249714052892
5,LSTM_128_neurons_100_days,0.04885633914307288,9.758369303180087
