 ,Average_RMSE_norm ,Average_RMSE_denorm
0,0.0638367834849307,25.013909736634126
