,Average_RMSE_norm,Average_RMSE_denorm
0,0.05176596493548055,12.720621876626545
