,Average_RMSE_norm,Average_RMSE_denorm
0,0.03989424886577807,12.327803986266876
