,Average_RMSE_norm,Average_RMSE_denorm
0,0.039894338095597615,12.327786429703437
