,configuration,RMSE_normalized,RMSE_denormalized
0,LSTM_256_neurons_30_days,0.16197645148199866,0.009999206748470822
1,LSTM_256_neurons_200_days,0.03370337839904842,0.0020805925689680164
2,LSTM_256_neurons_100_days,0.12189477668877108,0.0075248653481845874
3,LSTM_128_neurons_30_days,0.061897279745157775,0.0038210718586790906
4,LSTM_128_neurons_200_days,0.1584813275766025,0.009783444559176357
5,LSTM_128_neurons_100_days,0.09023630990755913,0.00557050987458721
