,configuration,RMSE_normalized,RMSE_denormalized
0,LSTM_256_neurons_30_days,0.062325212970154566,175.04219275493512
1,LSTM_256_neurons_200_days,0.040332809990293816,113.27591965026431
2,LSTM_256_neurons_100_days,0.016058041888446808,45.09951164921238
3,LSTM_128_neurons_30_days,0.055574486791518315,156.08258446000426
4,LSTM_128_neurons_200_days,0.03312233872301467,93.02506940632887
5,LSTM_128_neurons_100_days,0.02283434798079935,64.13096452558102
