,configuration,RMSE_normalized,RMSE_denormalized
0,LSTM_256_neurons_30_days,0.062325782422666086,175.0438382393501
1,LSTM_256_neurons_200_days,0.04033281161676413,113.27589193929352
2,LSTM_256_neurons_100_days,0.016058487963315108,45.100766660104895
3,LSTM_128_neurons_30_days,0.0555743749091061,156.08229375622653
4,LSTM_128_neurons_200_days,0.03312237857087864,93.02518737432516
5,LSTM_128_neurons_100_days,0.02283431200289358,64.13079688666602
