,configuration,RMSE_normalized,RMSE_denormalized
0,LSTM_256_neurons_30_days,0.036382949953439284,100.49043168763576
1,LSTM_256_neurons_200_days,0.024985536856723115,69.01055738502697
2,LSTM_256_neurons_100_days,0.050129971236099885,138.46000595635005
3,LSTM_128_neurons_30_days,0.06480809376339082,179.00125923239275
4,LSTM_128_neurons_200_days,0.041842181790696285,115.56894208043876
5,LSTM_128_neurons_100_days,0.03147468616958065,86.93370992832801
