 ,Average_RMSE_norm  ,Average_RMSE_denorm
0,0.07872267306907796,28.016355199429302
