,Average_RMSE_norm,Average_RMSE_denorm
0,0.03432800346533431,13.670833826672201
