,configuration,RMSE_normalized,RMSE_denormalized
0,LSTM_256_neurons_30_days,0.03743802201774102,0.002311142097326814
1,LSTM_256_neurons_200_days,0.012370014057618998,0.0007636318591351867
2,LSTM_256_neurons_100_days,0.023068092606125176,0.001424050415132358
3,LSTM_128_neurons_30_days,0.036943282363267806,0.002280600080313496
4,LSTM_128_neurons_200_days,0.02074017644723073,0.0012803429639098305
5,LSTM_128_neurons_100_days,0.03526981941124977,0.002177293337334332
