,configuration,RMSE_normalized,RMSE_denormalized
0,LSTM_256_neurons_30_days,0.1541809127238019,4.5236676729272775e-06
1,LSTM_256_neurons_200_days,0.15941388276821367,4.677203163945753e-06
2,LSTM_256_neurons_100_days,0.08982792364892869,2.6355514457020355e-06
3,LSTM_128_neurons_30_days,0.0382258943304124,1.1215476766855414e-06
4,LSTM_128_neurons_200_days,0.05276489195677039,1.5481221771098213e-06
5,LSTM_128_neurons_100_days,0.03262711950385884,9.57279573387306e-07
