,configuration,RMSE_normalized,RMSE_denormalized
0,LSTM_256_neurons_30_days,0.07233856010553377,14.3751522109916
1,LSTM_256_neurons_200_days,0.05407197182983605,10.745207050871748
2,LSTM_256_neurons_100_days,0.04835835987848493,9.609795427714056
3,LSTM_128_neurons_30_days,0.031048353612879987,6.169943186879556
4,LSTM_128_neurons_200_days,0.05289117304924733,10.510558709150901
5,LSTM_128_neurons_100_days,0.051493642907981564,10.232839524085572
