,Average_RMSE_norm,Average_RMSE_denorm
0,0.10408005698643408,57.753455469289634
