,Average_RMSE_norm,Average_RMSE_denorm
0,0.10407953939699799,57.75289518025126
