,Average_RMSE_norm,Average_RMSE_denorm
0,0.07584445384549585,14.130265848314334
