,Average_RMSE_norm,Average_RMSE_denorm
0,0.05450011049489974,6.600109433043364
