,Average_RMSE_norm,Average_RMSE_denorm
0,0.050411525264402304,18.857586296998026
