,Average_RMSE_norm,Average_RMSE_denorm
0,0.0504114813329206,18.85764425700167
