,Average_RMSE_norm,Average_RMSE_denorm
0,0.04084623552589252,8.889301883425773
