,Average_RMSE_norm,Average_RMSE_denorm
0,0.049588397679604324,13.244421840835175
