,Average_RMSE_norm,Average_RMSE_denorm
0,0.04084623255247409,8.889308693185857
