,configuration,RMSE_normalized,RMSE_denormalized
0,LSTM_256_neurons_30_days,0.035112813571637064,96.98228693984815
1,LSTM_256_neurons_200_days,0.03602196368555572,99.49338995568372
2,LSTM_256_neurons_100_days,0.06132899364616388,169.3918893423823
3,LSTM_128_neurons_30_days,0.03684073001517544,101.75484453263408
4,LSTM_128_neurons_200_days,0.03835805965635999,105.94572645036641
5,LSTM_128_neurons_100_days,0.03442898408807246,95.09353863959952
