,configuration,RMSE_normalized,RMSE_denormalized
0,LSTM_256_neurons_30_days,0.09770333917907327,269.8585553286236
1,LSTM_256_neurons_200_days,0.01540526420392255,42.5496358645437
2,LSTM_256_neurons_100_days,0.008790243287151847,24.278836181842056
3,LSTM_128_neurons_30_days,0.029668167683554087,81.94408779069177
4,LSTM_128_neurons_200_days,0.01807073501279129,49.91172540428894
5,LSTM_128_neurons_100_days,0.024861744227108927,68.66862283325405
