,Average_RMSE_norm,Average_RMSE_denorm
0,0.0328067392841595,6.180474068969782
