,Average_RMSE_norm,Average_RMSE_denorm
0,0.0519281757187149,12.810082480847955
