,Average_RMSE_norm,Average_RMSE_denorm
0,0.03280673918704802,6.180482088049562
