,Average_RMSE_norm,Average_RMSE_denorm
0,0.03417871529091388,13.023975391145408
