,Average_RMSE_norm,Average_RMSE_denorm
0,0.04487377761743784,29.598717085495785
