,Average_RMSE_norm,Average_RMSE_denorm
0,0.04487179498688966,29.597218530627778
