,configuration,RMSE_normalized,RMSE_denormalized
0,LSTM_256_neurons_30_days,0.03386695873040532,95.11632780959144
1,LSTM_256_neurons_200_days,0.02318402451452024,65.1130331204611
2,LSTM_256_neurons_100_days,0.02794784019903673,78.49234838338268
3,LSTM_128_neurons_30_days,0.046046228217028924,129.3222313769713
4,LSTM_128_neurons_200_days,0.0234764638284304,65.93435431854552
5,LSTM_128_neurons_100_days,0.03657671265211142,102.72680128820663
