,configuration,RMSE_normalized,RMSE_denormalized
0,LSTM_256_neurons_30_days,0.02399034546377833,67.37759744800343
1,LSTM_256_neurons_200_days,0.04924234667244051,138.29861162743708
2,LSTM_256_neurons_100_days,0.03908637936950813,109.77523074450882
3,LSTM_128_neurons_30_days,0.020092574921527218,56.43052866062367
4,LSTM_128_neurons_200_days,0.035219921009137685,98.91615826329692
5,LSTM_128_neurons_100_days,0.026980416216891616,75.77534723967447
