,configuration,RMSE_normalized,RMSE_denormalized
0,LSTM_256_neurons_30_days,0.056288214500645056,6.812562293388021e-06
1,LSTM_256_neurons_200_days,0.022122153301991902,2.6774438651188253e-06
2,LSTM_256_neurons_100_days,0.014016063773451765,1.6963642072863347e-06
3,LSTM_128_neurons_30_days,0.030355195940685843,3.673889144313084e-06
4,LSTM_128_neurons_200_days,0.031448745109192065,3.80624088782872e-06
5,LSTM_128_neurons_100_days,0.04513189642255182,5.462314219041518e-06
