,configuration,RMSE_normalized,RMSE_denormalized
0,LSTM_256_neurons_30_days,0.07789732935822884,0.01930901863514157
1,LSTM_256_neurons_200_days,0.02983550006327054,0.00739555827920888
2,LSTM_256_neurons_100_days,0.018742226136431603,0.004645782272002997
3,LSTM_128_neurons_30_days,0.036097372385079284,0.008947736726798303
4,LSTM_128_neurons_200_days,0.010444305815994993,0.002588910999957477
5,LSTM_128_neurons_100_days,0.019579992539751137,0.004853445672301678
