Real,Predicted
0.16364432639138626,0.1631558141513792
0.05245234660705198,0.05058040785939545
0.047966094224978224,0.05181821665195085
0.06511657353548257,0.0652215757783984
0.017908254300318664,0.016855930523880108
