Real,Predicted
0.8872435046091728,1.0137354728558732
0.560434372049103,0.5034997479396863
0.7318840579710145,0.7401349531774934
0.13110218953476602,0.13173473187351062
0.46148602590320376,0.48034966426710896
