Real,Predicted
0.18954755690699407,0.19577930449964254
0.08375826251180359,0.08367117933088908
0.10869565217391303,0.11034654679460672
0.04387503795418507,0.04646519423025443
0.05351056578050443,0.03727254553655171
