Real,Predicted
0.17440440372721677,0.1753271568867882
0.04141318662370596,0.04087119625540413
0.05319367756856257,0.05311700166013797
0.0675733628726408,0.06709017982018647
0.016618641266260264,0.017246498429593186
