Real,Predicted
0.38622339800536226,0.38265082001557643
0.3508472782378182,0.34995716175607017
0.1152130140603192,0.11127640188235627
0.24208104097820837,0.20864125115447726
0.04115882183469874,0.041690540845640216
