Real,Predicted
0.3002531573456578,0.30072353355561504
0.1359773371104816,0.11509549507567124
0.0289855072463768,0.034730144307001304
0.011909179852231706,0.00715388353202976
0.02794819359236537,0.02030680756550561
