Real,Predicted
0.2683218623265552,0.2674885401135395
0.1104815864022663,0.10520845689581579
0.05072463768115941,0.0521849332850015
0.017813164198238928,0.01418449492861366
0.033401499659168374,0.029555707544105858
