Real,Predicted
0.3098097581296978,0.3078087477840173
0.872710103871577,0.841529523097428
0.05072463768115941,0.05305544993015002
0.012499578286832427,0.0004947541161264349
0.027607361963190188,0.009819360578307817
