Real,Predicted
0.3002531573456578,0.3012054680161424
0.09247926413280247,0.08243985902518684
0.04144449593283285,0.04470536346999717
0.06289387019710209,0.06380778283343652
0.021012066524807665,0.019236442863005656
