Real,Predicted
0.17440440372721677,0.1748006823611562
0.08715769593956567,0.08082629271142044
0.15217391304347824,0.1547135100447066
0.052208090145406685,0.04844606529990669
0.05385139740967961,0.0561061420655774
