Real,Predicted
0.16364432639138626,0.1628967870099741
0.1274787535410765,0.11413088813190658
0.14492753623188404,0.16245675994610714
0.054620289463918205,0.05274404723540236
0.06339468302658487,0.05942576940670732
