Real,Predicted
0.2049007843961076,0.2033840490121187
0.04040081699827431,0.03978044892945392
0.04688884641448454,0.044814934438125155
0.06332060214185685,0.06488710029214201
0.012561499319589851,0.013014658140295425
