Real,Predicted
0.5339270009577964,0.500547990839317
0.5074598677998111,0.5129044046452612
0.5072463768115942,0.5176222009941653
0.23045781181471608,0.2580516738944548
0.7443762781186094,0.8409565695435021
