Real,Predicted
0.21729872922845764,0.21768287769552125
0.04146417441739608,0.042032984326746944
0.045976036687759,0.04844219336949951
0.05763861089976503,0.061334558026310985
0.031315295660379806,0.020522926218665787
