Real,Predicted
0.1443566563291117,0.14806916187996194
0.1618508026440038,0.14176461026346138
0.17391304347826084,0.1729816966980855
0.058061468911305286,0.05607855558921026
0.06748466257668713,0.05990126182872184
