Real,Predicted
0.3098097581296978,0.3039970764245052
0.5040784347181411,0.5445690543640016
0.05255402032703271,0.052089444420145355
0.06676577230209738,0.060162150595852
0.022127544298744712,0.017703327498061028
