Real,Predicted
0.18954755690699407,0.1961488736600805
0.04433522112484056,0.04195337352312492
0.04718846549118944,0.04945553942916769
0.06795182264770457,0.07287130093836813
0.01933745837579585,0.017287754345001183
