Real,Predicted
0.5339270009577964,0.5042178727200467
0.4514129147649067,0.5565166847335358
0.3680074258351447,0.4673581123361012
0.5518846444587043,0.7214815454026842
0.5695897910557659,1.0999006959031379
