Real,Predicted
0.38622339800536226,0.38252271008430455
0.4957507082152975,0.5065083037707054
0.15217391304347824,0.13908288837968086
0.11091056307142133,0.08552411736052389
0.04839809134287663,0.04363854118318219
