Real,Predicted
0.8872435046091728,1.0203500688621947
0.9515290405276884,0.9277582740485916
0.9842502204494465,1.0090193337793592
0.6906953282187046,0.6893261695735202
0.7030878478547746,0.7083587936021704
