Real,Predicted
0.2683218623265552,0.26786626242667017
0.07134138636172019,0.06984944731197411
0.044170065801700104,0.04493411167657412
0.06234355048350317,0.06425855620489612
0.020201507694048004,0.020217496638111305
