Real,Predicted
0.21729872922845764,0.21751675358035563
0.06647780925401321,0.07377251422556919
0.08695652173913043,0.09781902054949336
0.026028136702540394,0.025779714180154248
0.07805044308111793,0.0497176413173394
