Real,Predicted
0.2049007843961076,0.2030808518008409
0.07006610009442871,0.0760515991222745
0.10144927536231882,0.09893386266221772
0.036368543571404476,0.03427873160470221
0.031356509884117256,0.03505971705739101
