Real,Predicted
0.1443566563291117,0.1485206866657176
0.058976811595944326,0.05698639364174306
0.050097920634977255,0.04937941388139543
0.06158492378390039,0.059966198898836365
0.016750364487269288,0.014527602063098074
