,Average_RMSE_norm,Average_RMSE_denorm
0,0.2261209348203745,32.31653598266336
