,Average_RMSE_norm,Average_RMSE_denorm
0,0.05308721429032831,12.438013811876731
