,Average_RMSE_norm,Average_RMSE_denorm
0,0.04218465454720337,8.179936053628731
