,Average_RMSE_norm,Average_RMSE_denorm
0,0.04218463613388979,8.17994598691494
