,configuration,RMSE_normalized,RMSE_denormalized
0,LSTM_256_neurons_30_days,0.10511332992626046,0.0003653823801222684
1,LSTM_256_neurons_200_days,0.010989707281821704,3.820110845476414e-05
2,LSTM_256_neurons_100_days,0.12773348223698172,0.0004440118607505528
3,LSTM_128_neurons_30_days,0.031618343708464544,0.00010990786041537164
4,LSTM_128_neurons_200_days,0.03175435251897733,0.00011038066129407938
5,LSTM_128_neurons_100_days,0.04239966402109605,0.0001473846355982059
