 ,Average_RMSE_norm  ,Average_RMSE_denorm
0,0.06542200476495709,48.335433471375076
