,Average_RMSE_norm,Average_RMSE_denorm
0,0.08820687168621613,14.19769885560508
