,Average_RMSE_norm,Average_RMSE_denorm
0,0.05702850362177181,15.538508325242876
