,Average_RMSE_norm,Average_RMSE_denorm
0,0.08820680490305188,14.197488704316697
