,Average_RMSE_norm,Average_RMSE_denorm
0,0.06260387247954272,32.80981165011924
