,configuration,RMSE_normalized,RMSE_denormalized
0,LSTM_256_neurons_30_days,0.13263558930383265,0.00818792324956584
1,LSTM_256_neurons_200_days,0.013853072454945688,0.0008551852294321338
2,LSTM_256_neurons_100_days,0.15407876549759672,0.0095116619830067
3,LSTM_128_neurons_30_days,0.08154203707708922,0.00503379084832376
4,LSTM_128_neurons_200_days,0.11891009550279542,0.0073406140031221844
5,LSTM_128_neurons_100_days,0.1311239132180855,0.008094603628076732
