,configuration,RMSE_normalized,RMSE_denormalized
0,LSTM_256_neurons_30_days,0.1326355548896103,0.008187921098884889
1,LSTM_256_neurons_200_days,0.013853109409626549,0.0008551875389989026
2,LSTM_256_neurons_100_days,0.15407876549778213,0.009511661982338326
3,LSTM_128_neurons_30_days,0.0815420370691622,0.005033790848137903
4,LSTM_128_neurons_200_days,0.11891011251158325,0.007340615066642573
5,LSTM_128_neurons_100_days,0.13112391453986866,0.008094603710897819
