,Average_RMSE_norm,Average_RMSE_denorm
0,0.026616694042714592,13.915753728479293
