,Average_RMSE_norm,Average_RMSE_denorm
0,0.029303586277490027,10.721721698740087
