,configuration,RMSE_normalized,RMSE_denormalized
0,LSTM_256_neurons_30_days,0.04895954094266207,9.72926470548964
1,LSTM_256_neurons_200_days,0.08007556283484575,15.91265397314651
2,LSTM_256_neurons_100_days,0.064378670743948,12.793361324224154
3,LSTM_128_neurons_30_days,0.06322193464707274,12.563493242008406
4,LSTM_128_neurons_200_days,0.07618479934346027,15.139479721481631
5,LSTM_128_neurons_100_days,0.05088069973094984,10.111036145356966
