,configuration,RMSE_normalized,RMSE_denormalized
0,LSTM_256_neurons_30_days,0.03527242930187269,0.0037102352252504117
1,LSTM_256_neurons_200_days,0.062326900009650035,0.006556042227629421
2,LSTM_256_neurons_100_days,0.05421421654009986,0.00570268575622603
3,LSTM_128_neurons_30_days,0.0615707447909639,0.006476503681543314
4,LSTM_128_neurons_200_days,0.05483283737019723,0.005767756454714458
5,LSTM_128_neurons_100_days,0.03645670703199781,0.00383480749666708
