,Average_RMSE_norm,Average_RMSE_denorm
0,0.08379857602968852,36.68236171093849
