,Average_RMSE_norm,Average_RMSE_denorm
0,0.026565282258948702,9.0369227299372
