,model,mean_rmse_norm,mean_rmse_denorm
0,LSTM_128_neurons_30_days,0.04203136661493152,23.440095792686375
1,LSTM_256_neurons_30_days,0.07554529998535205,15.1899067711485
2,LSTM_128_neurons_100_days,0.05338591597080389,12.482538640412518
3,LSTM_256_neurons_100_days,0.050411525264402304,18.857586296998026
4,LSTM_128_neurons_200_days,0.04246364299236785,16.120438800317455
5,LSTM_256_neurons_200_days,0.04351080249645807,10.340397360451814
