,model,mean_rmse_norm,mean_rmse_denorm
0,LSTM_128_neurons_30_days,0.04118826487411245,18.36185431726409
1,LSTM_256_neurons_30_days,0.059958102020733525,12.450640209193566
2,LSTM_128_neurons_100_days,0.06451758418368143,18.369162972395515
3,LSTM_256_neurons_100_days,0.05450011049489974,6.600109433043364
4,LSTM_128_neurons_200_days,0.06140992840634127,15.256226436881043
5,LSTM_256_neurons_200_days,0.06413063502517241,10.307537401507393
