,configuration,RMSE_normalized,RMSE_denormalized
0,LSTM_256_neurons_30_days,0.12151301484362552,0.0004190465295132122
1,LSTM_256_neurons_200_days,0.02869894841801765,9.897044476566856e-05
2,LSTM_256_neurons_100_days,0.02461237016167044,8.487753939286324e-05
3,LSTM_128_neurons_30_days,0.05848240100367294,0.00020168082577042468
4,LSTM_128_neurons_200_days,0.019390225765815342,6.686861180005842e-05
5,LSTM_128_neurons_100_days,0.03021421332529192,0.00010419592115649108
