,Average_RMSE_norm,Average_RMSE_denorm
0,0.034548059348087676,14.262611235107878
