,Average_RMSE_norm,Average_RMSE_denorm
0,0.0678468833622953,25.86569594754972
