,Average_RMSE_norm,Average_RMSE_denorm
0,0.034547990504780926,14.2626272392228
