,Average_RMSE_norm,Average_RMSE_denorm
0,0.060061577074632444,19.750557151858235
