,Average_RMSE_norm,Average_RMSE_denorm
0,0.03559783684673482,10.965975160633533
