,Average_RMSE_norm,Average_RMSE_denorm
0,0.035597826240558184,10.96597496610546
