,Average_RMSE_norm,Average_RMSE_denorm
0,0.06904775828916916,15.515489299236581
