,Average_RMSE_norm,Average_RMSE_denorm
0,0.057278959693203665,13.779956160723799
