,Average_RMSE_norm,Average_RMSE_denorm
0,0.06904776661287768,15.515497914507588
