,model,mean_rmse_norm,mean_rmse_denorm
0,LSTM_128_neurons_30_days,0.0647646008505159,33.85596349755674
1,LSTM_256_neurons_30_days,0.08564227696462672,40.08187048335834
2,LSTM_128_neurons_100_days,0.034297923758354505,15.39597977442267
3,LSTM_256_neurons_100_days,0.06730895346551961,12.344372938074887
4,LSTM_128_neurons_200_days,0.04900541199547074,21.454857877269134
5,LSTM_256_neurons_200_days,0.05668438479237351,24.900473075770794
