,model,mean_rmse_norm,mean_rmse_denorm
0,LSTM_128_neurons_30_days,0.03875821631345755,11.203073532795907
1,LSTM_256_neurons_30_days,0.03128204261549139,13.693589992253816
2,LSTM_128_neurons_100_days,0.04158996316608336,8.945057275458382
3,LSTM_256_neurons_100_days,0.04657417541758732,19.88092722996223
4,LSTM_128_neurons_200_days,0.03325891985551889,13.090205342425936
5,LSTM_256_neurons_200_days,0.029766320019537905,25.35889215926043
