,Average_RMSE_norm,Average_RMSE_denorm
0,0.059958102020733525,12.450640209193566
