,Average_RMSE_norm,Average_RMSE_denorm
0,0.07554535046817708,15.190162676509175
