,Average_RMSE_norm,Average_RMSE_denorm
0,0.07554529998535205,15.1899067711485
