,configuration,RMSE_normalized,RMSE_denormalized
0,LSTM_256_neurons_30_days,0.029168379783553706,0.0017291597134564234
1,LSTM_256_neurons_200_days,0.01144111863343067,0.0006782523450261737
2,LSTM_256_neurons_100_days,0.03929274417773071,0.0023293522855576164
3,LSTM_128_neurons_30_days,0.04387100896198585,0.0026007611923675204
4,LSTM_128_neurons_200_days,0.01660978056183055,0.000984660763230699
5,LSTM_128_neurons_100_days,0.03683998646923923,0.0021839481182223948
