,configuration,RMSE_normalized,RMSE_denormalized
0,LSTM_256_neurons_30_days,0.07687228311944977,3.4951986632700742
1,LSTM_256_neurons_200_days,0.05764142710829263,2.620817809343281
2,LSTM_256_neurons_100_days,0.025330579580777047,1.1517205042881888
3,LSTM_128_neurons_30_days,0.05528793405940103,2.513809829050314
4,LSTM_128_neurons_200_days,0.032372370837535296,1.4718942109198871
5,LSTM_128_neurons_100_days,0.02873941628419544,1.3067126660482709
