,Average_RMSE_norm,Average_RMSE_denorm
0,0.03112361059330827,31.4316685306192
