,Average_RMSE_norm,Average_RMSE_denorm
0,0.031583794316651134,30.3523067702123
