,Average_RMSE_norm,Average_RMSE_denorm
0,0.03158378519356679,30.35229545276838
