,configuration,RMSE_normalized,RMSE_denormalized
0,LSTM_256_neurons_30_days,0.11047727229911633,0.00038402787604973433
1,LSTM_256_neurons_200_days,0.02088627428564756,7.260232823108286e-05
2,LSTM_256_neurons_100_days,0.13103598189268706,0.000455491638831553
3,LSTM_128_neurons_30_days,0.0330553773141447,0.00011490309857200259
4,LSTM_128_neurons_200_days,0.025270446344007068,8.784211154002501e-05
5,LSTM_128_neurons_100_days,0.028853902629203537,0.00010029848196117638
