,configuration,RMSE_normalized,RMSE_denormalized
0,LSTM_256_neurons_30_days,0.02618049128916209,3.61290721050007e-08
1,LSTM_256_neurons_200_days,0.04671114103398456,6.446137258860512e-08
2,LSTM_256_neurons_100_days,0.01710692315854286,2.3607538136318134e-08
3,LSTM_128_neurons_30_days,0.01957811915689512,2.7017809837865704e-08
4,LSTM_128_neurons_200_days,0.022638825774067745,3.124154948092185e-08
5,LSTM_128_neurons_100_days,0.01836803881536191,2.5347878118589398e-08
