Real               ,Predicted
0.5627043881664004 ,0.5512490349782057
0.26666666666666666,0.2653573259813851
0.51875            ,0.50592656223095
0.2486935866983373 ,0.2461803131364053
