Real               ,Predicted
0.5327401323294547 ,0.5346338686629564
0.26035087719298244,0.2676575738106007
0.4875             ,0.49591532574714725
0.23105700712589072,0.24141980242549138
