Real               ,Predicted
0.5436915354779831 ,0.5395372012917923
0.26666666666666666,0.26513432950554416
0.4875             ,0.4739598862586584
0.23693586698337293,0.23650803028477316
