Real               ,Predicted
0.5474941060156666 ,0.5515467846107699
0.2631578947368421 ,0.270780858122343
0.491375           ,0.49323267058101916
0.23699524940617578,0.24295696655300805
