Real              ,Predicted
0.5543387329834969,0.555728636512007
0.2807017543859649,0.2835132912858531
0.532625          ,0.5356923856462156
0.2571199524940618,0.2569123225100434
