Real               ,Predicted
0.5550992470910335 ,0.556034804094246
0.2807017543859649 ,0.28574306509286174
0.540375           ,0.538004170081998
0.24228028503562946,0.2410168952767839
