Real               ,Predicted
0.5398889649402996 ,0.5229990263843876
0.26666666666666666,0.252548880746423
0.4875             ,0.4740673566403487
0.22802850356294538,0.22075286371089944
