Real               ,Predicted
0.55129667655335   ,0.5537219658444307
0.2719298245614035 ,0.28124227830841086
0.52225            ,0.5301300962069251
0.25712589073634207,0.2494438083474951
