Real               ,Predicted
0.5364666514563845 ,0.5325839664332324
0.2733333333333333 ,0.2653583677922631
0.506875           ,0.5046265770547987
0.23942992874109265,0.23432374191669975
