,model,mean_rmse_norm,mean_rmse_denorm
0,LSTM_128_neurons_30_days,0.05300856718509512,21.324197169852326
1,LSTM_256_neurons_30_days,0.07056165805582698,30.803653259052204
2,LSTM_128_neurons_100_days,0.048997427057201955,15.677408527230389
3,LSTM_256_neurons_100_days,0.048725961994213765,11.906344375461039
4,LSTM_128_neurons_200_days,0.04789093214362733,18.845369895160857
5,LSTM_256_neurons_200_days,0.033277911520693315,15.431013476836963
