,model,mean_rmse_norm,mean_rmse_denorm
0,LSTM_128_neurons_30_days,0.05300854946190222,21.32419627019383
1,LSTM_256_neurons_30_days,0.0705613044535009,30.802762488862875
2,LSTM_128_neurons_100_days,0.048997428875174796,15.677400931105922
3,LSTM_256_neurons_100_days,0.04872651497186759,11.90672133631089
4,LSTM_128_neurons_200_days,0.047890935920624614,18.845380928780862
5,LSTM_256_neurons_200_days,0.03327792347161769,15.43099685038831
