,configuration,RMSE_normalized,RMSE_denormalized
0,LSTM_256_neurons_30_days,0.05969219826284498,3.411312889795779
1,LSTM_256_neurons_200_days,0.027093576491986602,1.5483537332447166
2,LSTM_256_neurons_100_days,0.02375360024870641,1.357479571425784
3,LSTM_128_neurons_30_days,0.029278638164498712,1.6732266992654952
4,LSTM_128_neurons_200_days,0.02013535795604947,1.1507028218666286
5,LSTM_128_neurons_100_days,0.02134747064982515,1.2199730032004965
