,configuration,RMSE_normalized,RMSE_denormalized
0,LSTM_256_neurons_30_days,0.047626169307050714,0.0011296928518838329
1,LSTM_256_neurons_200_days,0.04343126820999253,0.0010301895817859833
2,LSTM_256_neurons_100_days,0.03735198647454597,0.0008859891087519535
3,LSTM_128_neurons_30_days,0.05601453520702791,0.00132866462982779
4,LSTM_128_neurons_200_days,0.04116413297351988,0.0009764132330718672
5,LSTM_128_neurons_100_days,0.038593040829975264,0.0009154266297079131
