,configuration,RMSE_normalized,RMSE_denormalized
0,LSTM_256_neurons_30_days,0.03996702061018275,0.004232507143565562
1,LSTM_256_neurons_200_days,0.02890322381028278,0.003060850693505423
2,LSTM_256_neurons_100_days,0.03370703730965281,0.0035695748237981897
3,LSTM_128_neurons_30_days,0.037375217985415696,0.00395803472391088
4,LSTM_128_neurons_200_days,0.026496951023494208,0.002806027176754973
5,LSTM_128_neurons_100_days,0.022135628236422025,0.002344163809424758
