,configuration,RMSE_normalized,RMSE_denormalized
0,LSTM_256_neurons_30_days,0.10947058121481933,21.865219134163407
1,LSTM_256_neurons_200_days,0.043052004432008184,8.599035745714044
2,LSTM_256_neurons_100_days,0.07741942380457598,15.463446763869655
3,LSTM_128_neurons_30_days,0.053454753694921316,10.67684012808134
4,LSTM_128_neurons_200_days,0.0639453225225322,12.772185681343164
5,LSTM_128_neurons_100_days,0.05777383056934071,11.539516312223125
