,configuration,RMSE_normalized,RMSE_denormalized
0,LSTM_256_neurons_30_days,0.1537035513643332,8.783908800532743
1,LSTM_256_neurons_200_days,0.04403759498990845,2.5166776034611567
2,LSTM_256_neurons_100_days,0.04137177928368467,2.3643306341949066
3,LSTM_128_neurons_30_days,0.027867638463538097,1.5925903901458658
4,LSTM_128_neurons_200_days,0.034859394892440734,1.9921580232431448
5,LSTM_128_neurons_100_days,0.06185972001846965,3.535182150496498
