,configuration,RMSE_normalized,RMSE_denormalized
0,LSTM_256_neurons_30_days,0.0823255291744481,0.0019527614248899747
1,LSTM_256_neurons_200_days,0.08822325942081781,0.0020926553737440914
2,LSTM_256_neurons_100_days,0.07290714247839747,0.0017293574783139466
3,LSTM_128_neurons_30_days,0.07293237489022243,0.0017299561671306005
4,LSTM_128_neurons_200_days,0.07632189818237517,0.0018103556068273148
5,LSTM_128_neurons_100_days,0.0671003330042348,0.0015916198384175488
