,Average_RMSE_norm,Average_RMSE_denorm
0,0.0705613044535009,30.802762488862875
