,Average_RMSE_norm,Average_RMSE_denorm
0,0.058151357544964824,20.63130326303895
