,Average_RMSE_norm,Average_RMSE_denorm
0,0.07056165805582698,30.803653259052204
