,configuration,RMSE_normalized,RMSE_denormalized
0,LSTM_256_neurons_30_days,0.038219236961233735,1.7255376566249665
1,LSTM_256_neurons_200_days,0.02828355036570059,1.2769575577944567
2,LSTM_256_neurons_100_days,0.03024845823983176,1.3656696689485814
3,LSTM_128_neurons_30_days,0.03817274602471823,1.7234387284096169
4,LSTM_128_neurons_200_days,0.03567568654677968,1.6107005005764934
5,LSTM_128_neurons_100_days,0.03844354144384567,1.7356646069488744
