,configuration,RMSE_normalized,RMSE_denormalized
0,LSTM_256_neurons_30_days,0.008726609672317375,0.00022245871057940278
1,LSTM_256_neurons_200_days,0.016745759014446072,0.0004268826543049815
2,LSTM_256_neurons_100_days,0.014146384943943997,0.0003606196651768869
3,LSTM_128_neurons_30_days,0.008483570840046138,0.00021626309426985412
4,LSTM_128_neurons_200_days,0.01409523550636695,0.00035931566950324155
5,LSTM_128_neurons_100_days,0.019566879383583587,0.0004987990015524086
