,configuration,RMSE_normalized,RMSE_denormalized
0,LSTM_256_neurons_30_days,0.09514227621074307,0.03425011587343564
1,LSTM_256_neurons_200_days,0.019307830741265474,0.006950593252238556
2,LSTM_256_neurons_100_days,0.033051689401384546,0.01189822192269798
3,LSTM_128_neurons_30_days,0.04436608071767696,0.015971275368777373
4,LSTM_128_neurons_200_days,0.03354904424890879,0.01207726698464134
5,LSTM_128_neurons_100_days,0.042906577740981125,0.01544586857371506
