,configuration,RMSE_normalized,RMSE_denormalized
0,LSTM_256_neurons_30_days,0.09514271850355203,0.034250275997423245
1,LSTM_256_neurons_200_days,0.019307838587792385,0.006950596817661075
2,LSTM_256_neurons_100_days,0.033051721549974836,0.011898234747853663
3,LSTM_128_neurons_30_days,0.04436604018554916,0.015971261711151773
4,LSTM_128_neurons_200_days,0.03354903891308747,0.012077264324711451
5,LSTM_128_neurons_100_days,0.042906569956259806,0.015445864614737672
