,Average_RMSE_norm,Average_RMSE_denorm
0,0.03163518129917308,15.444169503099808
