,configuration,RMSE_normalized,RMSE_denormalized
0,LSTM_256_neurons_30_days,0.07502568117412453,0.018597200141952045
1,LSTM_256_neurons_200_days,0.02159529522658107,0.005352995730467604
2,LSTM_256_neurons_100_days,0.018276112253301096,0.0045302422310688996
3,LSTM_128_neurons_30_days,0.03252009270751408,0.008061009409343334
4,LSTM_128_neurons_200_days,0.02589635005797452,0.006419130291422943
5,LSTM_128_neurons_100_days,0.03127934834306232,0.007753454875875336
