,configuration,RMSE_normalized,RMSE_denormalized
0,LSTM_256_neurons_30_days,0.07502544532406716,0.01859714191567739
1,LSTM_256_neurons_200_days,0.021595344905891392,0.005353008147933736
2,LSTM_256_neurons_100_days,0.01827613282543525,0.00453024730914686
3,LSTM_128_neurons_30_days,0.032520221092536605,0.008061041505608279
4,LSTM_128_neurons_200_days,0.025896365356149757,0.00641913411317747
5,LSTM_128_neurons_100_days,0.03127933290780585,0.0077534510167042376
