 ,Average_RMSE_norm   ,Average_RMSE_denorm
0,0.049919861467164775,30.42346801918486
