,model,mean_rmse_norm,mean_rmse_denorm
0,LSTM_128_neurons_30_days,0.028742113905781696,11.772393685214688
1,LSTM_256_neurons_30_days,0.057278959693203665,13.779956160723799
2,LSTM_128_neurons_100_days,0.057784791509652225,23.65265995690463
3,LSTM_256_neurons_100_days,0.053635634709264114,21.068593850422744
4,LSTM_128_neurons_200_days,0.02571475997587034,26.370377853617477
5,LSTM_256_neurons_200_days,0.03112361059330827,31.4316685306192
