,model,mean_rmse_norm,mean_rmse_denorm
0,LSTM_128_neurons_30_days,0.039259766161786704,11.809470562251956
1,LSTM_256_neurons_30_days,0.06904775828916916,15.515489299236581
2,LSTM_128_neurons_100_days,0.04406668737225652,17.209030731156453
3,LSTM_256_neurons_100_days,0.06412100674249452,10.220596859992886
4,LSTM_128_neurons_200_days,0.06514991237016134,22.039330639977997
5,LSTM_256_neurons_200_days,0.031583794316651134,30.3523067702123
