,model,mean_rmse_norm,mean_rmse_denorm
0,LSTM_128_neurons_30_days,0.0678468833622953,25.86569594754972
1,LSTM_256_neurons_30_days,0.08070838030620435,19.024352114143593
2,LSTM_128_neurons_100_days,0.07167369916651711,20.546772390882882
3,LSTM_256_neurons_100_days,0.0738253767747247,15.699710279285176
4,LSTM_128_neurons_200_days,0.03014064527219254,13.18820231111969
5,LSTM_256_neurons_200_days,0.03417871529091388,13.023975391145408
