,model,mean_rmse_norm,mean_rmse_denorm
0,LSTM_128_neurons_30_days,0.034547990504780926,14.2626272392228
1,LSTM_256_neurons_30_days,0.0345279471893223,15.983373474189344
2,LSTM_128_neurons_100_days,0.03320705738756495,17.420901302237564
3,LSTM_256_neurons_100_days,0.03773817051591702,24.535648427819243
4,LSTM_128_neurons_200_days,0.03570053698346145,21.914199651784198
5,LSTM_256_neurons_200_days,0.04487179498688966,29.597218530627778
