,Average_RMSE_norm,Average_RMSE_denorm
0,0.047890935920624614,18.845380928780862
