,Average_RMSE_norm,Average_RMSE_denorm
0,0.04789093214362733,18.845369895160857
