,Average_RMSE_norm,Average_RMSE_denorm
0,0.07028820591431097,18.254320052511872
