,configuration,RMSE_normalized,RMSE_denormalized
0,LSTM_256_neurons_30_days,0.026422490064915732,0.0027793283692273386
1,LSTM_256_neurons_200_days,0.047922276076927166,0.00504084906314521
2,LSTM_256_neurons_100_days,0.03203963440113845,0.0033701858867051944
3,LSTM_128_neurons_30_days,0.038684057618437705,0.004069099423613542
4,LSTM_128_neurons_200_days,0.02281973384798086,0.002400362133882144
5,LSTM_128_neurons_100_days,0.026358402941078496,0.0027725883884144016
