,configuration,RMSE_normalized,RMSE_denormalized
0,LSTM_256_neurons_30_days,0.09340998138549042,18.562477641495626
1,LSTM_256_neurons_200_days,0.057869862087751585,11.499928034522464
2,LSTM_256_neurons_100_days,0.045910305966950164,9.12331956910462
3,LSTM_128_neurons_30_days,0.03164488051769995,6.288486514724692
4,LSTM_128_neurons_200_days,0.05364475232923208,10.660308984957817
5,LSTM_128_neurons_100_days,0.04528926171426058,8.999902595093602
