,Average_RMSE_norm,Average_RMSE_denorm
0,0.04657417541758732,19.88092722996223
