,Average_RMSE_norm,Average_RMSE_denorm
0,0.06730895346551961,12.344372938074887
