,Average_RMSE_norm,Average_RMSE_denorm
0,0.06730904209984324,12.344131870188388
