,configuration,RMSE_normalized,RMSE_denormalized
0,LSTM_256_neurons_30_days,0.05400111220475516,0.019439774124695733
1,LSTM_256_neurons_200_days,0.032047394972870624,0.011536691540581113
2,LSTM_256_neurons_100_days,0.0452032426496119,0.016272644508999214
3,LSTM_128_neurons_30_days,0.07096450596902673,0.0255463988258072
4,LSTM_128_neurons_200_days,0.0419720010928032,0.01510943136906991
5,LSTM_128_neurons_100_days,0.042684251167959514,0.015365835011236659
