,configuration,RMSE_normalized,RMSE_denormalized
0,LSTM_256_neurons_30_days,0.058220362698595485,1.1996305597747145e-05
1,LSTM_256_neurons_200_days,0.04875093593357475,1.0045131890283257e-05
2,LSTM_256_neurons_100_days,0.06085252726036228,1.253866325074168e-05
3,LSTM_128_neurons_30_days,0.06735728599892911,1.3878968408924e-05
4,LSTM_128_neurons_200_days,0.06655704620397547,1.3714079788187853e-05
5,LSTM_128_neurons_100_days,0.05714366895164845,1.1774454407073195e-05
