,Average_RMSE_norm,Average_RMSE_denorm
0,0.028479686886231887,7.802732793021851
