,Average_RMSE_norm,Average_RMSE_denorm
0,0.09307018393788238,93.31615898391665
