,Average_RMSE_norm,Average_RMSE_denorm
0,0.03570053698346145,21.914199651784198
