,Average_RMSE_norm,Average_RMSE_denorm
0,0.03014064527219254,13.18820231111969
