,Average_RMSE_norm,Average_RMSE_denorm
0,0.035700531254396026,21.91414385785389
