,Average_RMSE_norm,Average_RMSE_denorm
0,0.08428123561293757,35.67960324010681
