,Average_RMSE_norm,Average_RMSE_denorm
0,0.06011282764689837,12.123517937172041
