,Average_RMSE_norm,Average_RMSE_denorm
0,0.08428109849991028,35.67993865164271
