,configuration,RMSE_normalized,RMSE_denormalized
0,LSTM_256_neurons_30_days,0.10534185983132273,4.756017092171322
1,LSTM_256_neurons_200_days,0.07224438256823405,3.261719426408209
2,LSTM_256_neurons_100_days,0.06625612300096505,2.9913584364541297
3,LSTM_128_neurons_30_days,0.036046749518219436,1.6274533881905835
4,LSTM_128_neurons_200_days,0.06461606874054211,2.9173131629343567
5,LSTM_128_neurons_100_days,0.08279418827170351,3.738025720837608
