,configuration,RMSE_normalized,RMSE_denormalized
0,LSTM_256_neurons_30_days,0.10534042510168208,4.755952806933845
1,LSTM_256_neurons_200_days,0.0722443690975534,3.2617187648120023
2,LSTM_256_neurons_100_days,0.06625609538866263,2.9913572940015363
3,LSTM_128_neurons_30_days,0.036046786921849074,1.6274553158563807
4,LSTM_128_neurons_200_days,0.06461607595164921,2.9173134147565123
5,LSTM_128_neurons_100_days,0.08279415609108857,3.738024693920273
