,configuration,RMSE_normalized,RMSE_denormalized
0,LSTM_256_neurons_30_days,0.07198098199813498,0.017842487564261596
1,LSTM_256_neurons_200_days,0.03958904804031774,0.009813245252731386
2,LSTM_256_neurons_100_days,0.03711152657978519,0.009199123494450174
3,LSTM_128_neurons_30_days,0.05827420728716125,0.014444883595680363
4,LSTM_128_neurons_200_days,0.047922716763282684,0.011878977015454224
5,LSTM_128_neurons_100_days,0.03730503533027744,0.009247089615056056
