,model,mean_rmse_norm,mean_rmse_denorm
0,LSTM_128_neurons_30_days,0.035597826240558184,10.96597496610546
1,LSTM_256_neurons_30_days,0.10408005698643408,57.753455469289634
2,LSTM_128_neurons_100_days,0.045871166551476966,7.995240593442474
3,LSTM_256_neurons_100_days,0.03438966378413165,7.296879362542387
4,LSTM_128_neurons_200_days,0.0328067392841595,6.180474068969782
5,LSTM_256_neurons_200_days,0.036555961289065866,9.012479164618311
