,model,mean_rmse_norm,mean_rmse_denorm
0,LSTM_128_neurons_30_days,0.060061577074632444,19.750557151858235
1,LSTM_256_neurons_30_days,0.07584445384549585,14.130265848314334
2,LSTM_128_neurons_100_days,0.046240396150865844,14.749331076520306
3,LSTM_256_neurons_100_days,0.05589330970188953,9.587826909514517
4,LSTM_128_neurons_200_days,0.0519281757187149,12.810082480847955
5,LSTM_256_neurons_200_days,0.07111821841273647,9.870500168116454
