,Average_RMSE_norm,Average_RMSE_denorm
0,0.02571475997587034,26.370377853617477
