,Average_RMSE_norm,Average_RMSE_denorm
0,0.06514991237016134,22.039330639977997
