,Average_RMSE_norm,Average_RMSE_denorm
0,0.06514990499593049,22.03930378989594
