,Average_RMSE_norm,Average_RMSE_denorm
0,0.04203134747584047,23.4400954899162
