,Average_RMSE_norm,Average_RMSE_denorm
0,0.04118826487411245,18.36185431726409
