,Average_RMSE_norm,Average_RMSE_denorm
0,0.04203136661493152,23.440095792686375
