,Average_RMSE_norm,Average_RMSE_denorm
0,0.03773818207888289,24.53588454364037
