,Average_RMSE_norm,Average_RMSE_denorm
0,0.0738253767747247,15.699710279285176
