,Average_RMSE_norm,Average_RMSE_denorm
0,0.03773817051591702,24.535648427819243
