,Average_RMSE_norm,Average_RMSE_denorm
0,0.049005512580357,21.454867649773607
