,Average_RMSE_norm,Average_RMSE_denorm
0,0.03325891985551889,13.090205342425936
