,Average_RMSE_norm,Average_RMSE_denorm
0,0.04900541199547074,21.454857877269134
