,Average_RMSE_norm,Average_RMSE_denorm
0,0.05338591597080389,12.482538640412518
