,Average_RMSE_norm,Average_RMSE_denorm
0,0.06451758418368143,18.369162972395515
