,Average_RMSE_norm,Average_RMSE_denorm
0,0.05338592205923015,12.482559205485904
