,Average_RMSE_norm,Average_RMSE_denorm
0,0.06991109147176186,30.58444934760102
