,Average_RMSE_norm,Average_RMSE_denorm
0,0.029175168392373784,4.6690005486831145
