,configuration,RMSE_normalized,RMSE_denormalized
0,LSTM_256_neurons_30_days,0.05185101557614201,2.9632017868924176
1,LSTM_256_neurons_200_days,0.022430042909703445,1.2818404602646207
2,LSTM_256_neurons_100_days,0.022437314295262457,1.2822559122156176
3,LSTM_128_neurons_30_days,0.019424280463061768,1.1100663452740418
4,LSTM_128_neurons_200_days,0.022986205378577155,1.3136240040770772
5,LSTM_128_neurons_100_days,0.02247089638282456,1.2841753464381664
