,configuration,RMSE_normalized,RMSE_denormalized
0,LSTM_256_neurons_30_days,0.14887216680252655,411.18790574262914
1,LSTM_256_neurons_200_days,0.01997910137455863,55.18263524095175
2,LSTM_256_neurons_100_days,0.014573432225783002,40.252043443999945
3,LSTM_128_neurons_30_days,0.025872531390988437,71.46044530668367
4,LSTM_128_neurons_200_days,0.011614383918764841,32.07917467773437
5,LSTM_128_neurons_100_days,0.015126608213778932,41.779976827792225
