,configuration,RMSE_normalized,RMSE_denormalized
0,LSTM_256_neurons_30_days,0.04092412202159165,113.03323681076651
1,LSTM_256_neurons_200_days,0.028584908569514105,78.95208850236345
2,LSTM_256_neurons_100_days,0.027767044947017653,76.69315293391053
3,LSTM_128_neurons_30_days,0.05720213898386745,157.9934638156289
4,LSTM_128_neurons_200_days,0.03710004209296704,102.47107760677031
5,LSTM_128_neurons_100_days,0.042717537981872215,117.98668791301479
