,Average_RMSE_norm,Average_RMSE_denorm
0,0.08070838030620435,19.024352114143593
