,Average_RMSE_norm,Average_RMSE_denorm
0,0.03452788218266138,15.985800130599369
