,Average_RMSE_norm,Average_RMSE_denorm
0,0.0345279471893223,15.983373474189344
