,Average_RMSE_norm,Average_RMSE_denorm
0,0.04948420234419314,11.887588035696407
