,Average_RMSE_norm,Average_RMSE_denorm
0,0.03890680649314839,10.437205383317684
