,Average_RMSE_norm,Average_RMSE_denorm
0,0.03890679700901367,10.437201799492945
