,Average_RMSE_norm,Average_RMSE_denorm
0,0.04406668655587843,17.209030590873475
