,Average_RMSE_norm,Average_RMSE_denorm
0,0.04406668737225652,17.209030731156453
