,Average_RMSE_norm,Average_RMSE_denorm
0,0.057784791509652225,23.65265995690463
