,configuration,RMSE_normalized,RMSE_denormalized
0,LSTM_256_neurons_30_days,0.023035118348205,8.007191770174199e-05
1,LSTM_256_neurons_200_days,0.041061083004475335,0.00014273163638211782
2,LSTM_256_neurons_100_days,0.023485529765419955,8.163758870856187e-05
3,LSTM_128_neurons_30_days,0.019196007408675768,6.672688028209682e-05
4,LSTM_128_neurons_200_days,0.036208327288446085,0.00012586304414333773
5,LSTM_128_neurons_100_days,0.016180161200478698,5.624356248975102e-05
