,configuration,RMSE_normalized,RMSE_denormalized
0,LSTM_256_neurons_30_days,0.09236931032262792,1.2746965187199225e-07
1,LSTM_256_neurons_200_days,0.06623487655717697,9.140412709435569e-08
2,LSTM_256_neurons_100_days,0.060124475086127276,8.297175380340518e-08
3,LSTM_128_neurons_30_days,0.07063469409644846,9.747587659278412e-08
4,LSTM_128_neurons_200_days,0.03355326812978345,4.6303494783893655e-08
5,LSTM_128_neurons_100_days,0.05335628256368584,7.363167238455737e-08
