,configuration,RMSE_normalized,RMSE_denormalized
0,LSTM_256_neurons_30_days,0.038830604256016935,5.3586244774017456e-08
1,LSTM_256_neurons_200_days,0.021785141614993044,3.006349721056714e-08
2,LSTM_256_neurons_100_days,0.05493659215482822,7.581250243387767e-08
3,LSTM_128_neurons_30_days,0.025521791584968045,3.522006295513072e-08
4,LSTM_128_neurons_200_days,0.015892583724152018,2.1931765358194152e-08
5,LSTM_128_neurons_100_days,0.03880125894314159,5.354571425197053e-08
