,configuration,RMSE_normalized,RMSE_denormalized
0,LSTM_256_neurons_30_days,0.10570374661901227,0.0003674347351010656
1,LSTM_256_neurons_200_days,0.0368560930910564,0.00012811473773800057
2,LSTM_256_neurons_100_days,0.12808461706245355,0.00044523244056878116
3,LSTM_128_neurons_30_days,0.048705695890958,0.00016930492512966548
4,LSTM_128_neurons_200_days,0.03330667378265822,0.00011577666049309611
5,LSTM_128_neurons_100_days,0.016754555358485242,5.824018160676647e-05
