,Average_RMSE_norm,Average_RMSE_denorm
0,0.03001668396666579,12.211788635295864
