,configuration,RMSE_normalized,RMSE_denormalized
0,LSTM_256_neurons_30_days,0.054161541889544064,10.818012021773978
1,LSTM_256_neurons_200_days,0.06348400280172456,12.680044295274785
2,LSTM_256_neurons_100_days,0.04346679925146048,8.681884232881488
3,LSTM_128_neurons_30_days,0.037672792434183915,7.52461274937332
4,LSTM_128_neurons_200_days,0.05207835453519813,10.401925029418988
5,LSTM_128_neurons_100_days,0.05602185687850272,11.189583125769033
