,configuration,RMSE_normalized,RMSE_denormalized
0,LSTM_256_neurons_30_days,0.024428327813805776,0.0025869607611582997
1,LSTM_256_neurons_200_days,0.022756659622900712,0.002409930378519514
2,LSTM_256_neurons_100_days,0.026366418774456998,0.0027922035276173344
3,LSTM_128_neurons_30_days,0.02432286861373576,0.002575791654999831
4,LSTM_128_neurons_200_days,0.027489474907025826,0.0029111347781039807
5,LSTM_128_neurons_100_days,0.022650839807730062,0.0023987242245577176
