,Average_RMSE_norm,Average_RMSE_denorm
0,0.050080693380626595,20.0834485115598
