,Average_RMSE_norm,Average_RMSE_denorm
0,0.0287923961075655,8.181956737713435
