,Average_RMSE_norm,Average_RMSE_denorm
0,0.2171484899331077,1.1333293309669459
