,configuration,RMSE_normalized,RMSE_denormalized
0,LSTM_256_neurons_30_days,0.022862104561146845,0.0014113344455992359
1,LSTM_256_neurons_200_days,0.05793306640977194,0.0035763513696597765
2,LSTM_256_neurons_100_days,0.02606255250367267,0.0016089056690823745
3,LSTM_128_neurons_30_days,0.013516574392654673,0.0008344119693171277
4,LSTM_128_neurons_200_days,0.042143606681206584,0.0026016291991335363
5,LSTM_128_neurons_100_days,0.0378573806386589,0.0023370296874105512
