,configuration,RMSE_normalized,RMSE_denormalized
0,LSTM_256_neurons_30_days,0.022852392338738217,0.001410734263629536
1,LSTM_256_neurons_200_days,0.05792853134031593,0.0035760714946641257
2,LSTM_256_neurons_100_days,0.026062779158074957,0.0016089196610861484
3,LSTM_128_neurons_30_days,0.013516380828790614,0.0008343998856613758
4,LSTM_128_neurons_200_days,0.04214357287187902,0.0026016270837347986
5,LSTM_128_neurons_100_days,0.037857390528473714,0.0023370303103414703
