,configuration,RMSE_normalized,RMSE_denormalized
0,LSTM_256_neurons_30_days,0.18744682844606014,37.24952393039633
1,LSTM_256_neurons_200_days,0.05595277879377596,11.1189620645645
2,LSTM_256_neurons_100_days,0.0641699380299469,12.751882828211894
3,LSTM_128_neurons_30_days,0.06551995091056738,13.020154365293868
4,LSTM_128_neurons_200_days,0.0626188366224064,12.443644395112155
5,LSTM_128_neurons_100_days,0.07493443870675605,14.891008073173596
