,configuration,RMSE_normalized,RMSE_denormalized
0,LSTM_256_neurons_30_days,0.03991713408727258,0.004198803013937471
1,LSTM_256_neurons_200_days,0.06472730585969934,0.006808535930830089
2,LSTM_256_neurons_100_days,0.049966024350983636,0.005255826607641317
3,LSTM_128_neurons_30_days,0.064538746584787,0.006788702909152886
4,LSTM_128_neurons_200_days,0.04974240874224285,0.005232304809019258
5,LSTM_128_neurons_100_days,0.042489762413920065,0.004469413766469472
