,Average_RMSE_norm,Average_RMSE_denorm
0,0.07111821841273647,9.870500168116454
