,Average_RMSE_norm,Average_RMSE_denorm
0,0.0365559635162568,9.012483083691043
