,Average_RMSE_norm,Average_RMSE_denorm
0,0.036555961289065866,9.012479164618311
