,Average_RMSE_norm,Average_RMSE_denorm
0,0.18411972451668904,52.46540446654674
