,Average_RMSE_norm,Average_RMSE_denorm
0,0.045871166551476966,7.995240593442474
