,Average_RMSE_norm,Average_RMSE_denorm
0,0.046240396150865844,14.749331076520306
