,Average_RMSE_norm,Average_RMSE_denorm
0,0.045871161088254245,7.995234635382327
