,Average_RMSE_norm,Average_RMSE_denorm
0,0.0299552432425232,12.611718258990495
