,Average_RMSE_norm,Average_RMSE_denorm
0,0.025713314523747755,7.390346793065277
