,Average_RMSE_norm,Average_RMSE_denorm
0,0.058624198439256495,19.70333706242077
