,configuration,RMSE_normalized,RMSE_denormalized
0,LSTM_256_neurons_30_days,0.029784618932518974,0.00010271441925805408
1,LSTM_256_neurons_200_days,0.030167793605995138,0.00010403584456688208
2,LSTM_256_neurons_100_days,0.02377759488985476,8.199876885937006e-05
3,LSTM_128_neurons_30_days,0.04262553396904931,0.00014699727747128908
4,LSTM_128_neurons_200_days,0.02133379079972507,7.357112577791168e-05
5,LSTM_128_neurons_100_days,0.028705547838272137,9.89931782955447e-05
