,configuration,RMSE_normalized,RMSE_denormalized
0,LSTM_256_neurons_30_days,0.02978462568856948,0.00010271441840414135
1,LSTM_256_neurons_200_days,0.03016779362792856,0.00010403584481963637
2,LSTM_256_neurons_100_days,0.023777621226889586,8.199883458783527e-05
3,LSTM_128_neurons_30_days,0.042625534051484636,0.00014699727747593606
4,LSTM_128_neurons_200_days,0.021333790715231938,7.357112543837352e-05
5,LSTM_128_neurons_100_days,0.028705547572808524,9.899317714908558e-05
