,Average_RMSE_norm,Average_RMSE_denorm
0,0.03137689384260436,14.219309103812884
