,configuration,RMSE_normalized,RMSE_denormalized
0,LSTM_256_neurons_30_days,0.01140066480111098,1.5732921799569036e-08
1,LSTM_256_neurons_200_days,0.009851764302682767,1.359543083564555e-08
2,LSTM_256_neurons_100_days,0.012302136008182312,1.69769394214048e-08
3,LSTM_128_neurons_30_days,0.028610107803870227,3.948194595979961e-08
4,LSTM_128_neurons_200_days,0.012679105732535981,1.7497173578161287e-08
5,LSTM_128_neurons_100_days,0.014050462143720637,1.938963272667631e-08
