,Average_RMSE_norm,Average_RMSE_denorm
0,0.026040995680233856,8.150789577019605
