 ,Average_RMSE_norm  ,Average_RMSE_denorm
0,0.06362176581725518,25.341931151947684
