,configuration,RMSE_normalized,RMSE_denormalized
0,LSTM_128_neurons_100_days,0.06658022838054906,1.9534642034443093e-06
1,LSTM_128_neurons_200_days,0.06172557907520543,1.811028238199651e-06
2,LSTM_128_neurons_30_days,0.04094567137180577,1.201345736382063e-06
3,LSTM_256_neurons_100_days,0.0870734079402567,2.554733879270497e-06
4,LSTM_256_neurons_200_days,0.060820095114100074,1.7844618979608638e-06
5,LSTM_256_neurons_30_days,0.09437879162250767,2.7690735861426217e-06
