,Average_RMSE_norm,Average_RMSE_denorm
0,0.05194718829146785,29.08073710807421
