,Average_RMSE_norm,Average_RMSE_denorm
0,0.05482008354609064,33.40753188267663
