,Average_RMSE_norm,Average_RMSE_denorm
0,0.054820069156045884,33.40747435527105
