,model,mean_rmse_norm,mean_rmse_denorm
0,LSTM_128_neurons_30_days,0.03989424886577807,12.327803986266876
1,LSTM_256_neurons_30_days,0.08428123561293757,35.67960324010681
2,LSTM_128_neurons_100_days,0.03890680649314839,10.437205383317684
3,LSTM_256_neurons_100_days,0.0329565133070136,5.266028424826746
4,LSTM_128_neurons_200_days,0.04084623552589252,8.889301883425773
5,LSTM_256_neurons_200_days,0.04218463613388979,8.17994598691494
