,model,mean_rmse_norm,mean_rmse_denorm
0,LSTM_128_neurons_30_days,0.05176596493548055,12.720621876626545
1,LSTM_256_neurons_30_days,0.06011282764689837,12.123517937172041
2,LSTM_128_neurons_100_days,0.04948420234419314,11.887588035696407
3,LSTM_256_neurons_100_days,0.0625518967339215,21.17507487693101
4,LSTM_128_neurons_200_days,0.049588397679604324,13.244421840835175
5,LSTM_256_neurons_200_days,0.05308721429032831,12.438013811876731
