,configuration,RMSE_normalized,RMSE_denormalized
0,LSTM_256_neurons_30_days,0.03812278033236169,7.855198347264694e-06
1,LSTM_256_neurons_200_days,0.01489164936606675,3.068424450808644e-06
2,LSTM_256_neurons_100_days,0.01828356119478543,3.7673262886963005e-06
3,LSTM_128_neurons_30_days,0.021012400197101933,4.329605336089002e-06
4,LSTM_128_neurons_200_days,0.03155384443894207,6.5016692550342725e-06
5,LSTM_128_neurons_100_days,0.03695497074985405,7.614572000411268e-06
