,configuration,RMSE_normalized,RMSE_denormalized
0,LSTM_256_neurons_30_days,0.06683542962374169,0.024059975529330417
1,LSTM_256_neurons_200_days,0.03228724907249336,0.011623035485047036
2,LSTM_256_neurons_100_days,0.02441087108990936,0.008787627650137228
3,LSTM_128_neurons_30_days,0.04412676927584348,0.015885124003797223
4,LSTM_128_neurons_200_days,0.02103113314149194,0.0075709645702677205
5,LSTM_128_neurons_100_days,0.02913466233083462,0.01048813640606404
