,model,mean_rmse_norm,mean_rmse_denorm
0,LSTM_128_neurons_30_days,0.028536182639086905,8.58187044990379
1,LSTM_256_neurons_30_days,0.026040995680233856,8.150789577019605
2,LSTM_128_neurons_100_days,0.026565282258948702,9.0369227299372
3,LSTM_256_neurons_100_days,0.025713314523747755,7.390346793065277
4,LSTM_128_neurons_200_days,0.0287923961075655,8.181956737713435
5,LSTM_256_neurons_200_days,0.02843718993050612,4.78464244071236
