,configuration,RMSE_normalized,RMSE_denormalized
0,LSTM_256_neurons_30_days,0.011346408293361228,0.5158940430615492
1,LSTM_256_neurons_200_days,0.016029432819956932,0.7288196287406831
2,LSTM_256_neurons_100_days,0.01111775871549828,0.5054981206544654
3,LSTM_128_neurons_30_days,0.03708106895176299,1.6859876486805996
4,LSTM_128_neurons_200_days,0.045492861369823515,2.068451778597141
5,LSTM_128_neurons_100_days,0.01187284238286098,0.5398299229175948
