,configuration,RMSE_normalized,RMSE_denormalized
0,LSTM_256_neurons_30_days,0.13182950497423926,0.008138161948191553
1,LSTM_256_neurons_200_days,0.10904064696510116,0.006731348358436318
2,LSTM_256_neurons_100_days,0.15406721301935952,0.009510950693218487
3,LSTM_128_neurons_30_days,0.031424138179295985,0.0019398897756370637
4,LSTM_128_neurons_200_days,0.07915724072966886,0.004886572135601179
5,LSTM_128_neurons_100_days,0.19058799792667291,0.011765467366444205
