,configuration,RMSE_normalized,RMSE_denormalized
0,LSTM_256_neurons_30_days,0.02442061656742102,68.58601051063411
1,LSTM_256_neurons_200_days,0.050451264906815126,141.69385169510778
2,LSTM_256_neurons_100_days,0.014811174753803075,41.597625483922734
3,LSTM_128_neurons_30_days,0.01695602930109967,47.62151724147669
4,LSTM_128_neurons_200_days,0.03455150500580206,97.03892259743836
5,LSTM_128_neurons_100_days,0.026968291106140903,75.74123583669518
