,Average_RMSE_norm,Average_RMSE_denorm
0,0.2511532196247087,2.184418346911708
