,Average_RMSE_norm,Average_RMSE_denorm
0,0.06091947107023065,21.026569399957868
