,Average_RMSE_norm,Average_RMSE_denorm
0,0.048997428875174796,15.677400931105922
