,Average_RMSE_norm,Average_RMSE_denorm
0,0.048997427057201955,15.677408527230389
