,configuration,RMSE_normalized,RMSE_denormalized
0,LSTM_256_neurons_30_days,0.07383725839164787,0.004558156525370242
1,LSTM_256_neurons_200_days,0.10553972823797174,0.006515228120955322
2,LSTM_256_neurons_100_days,0.08965246861517999,0.005534468563846701
3,LSTM_128_neurons_30_days,0.1108010805528285,0.0068400244162350006
4,LSTM_128_neurons_200_days,0.0822809711858847,0.005079407818911043
5,LSTM_128_neurons_100_days,0.04538746574879753,0.002801880722987997
