,configuration,RMSE_normalized,RMSE_denormalized
0,LSTM_256_neurons_30_days,0.024067750511713424,7.061479783435777e-07
1,LSTM_256_neurons_200_days,0.041557249568739504,1.2192898390769851e-06
2,LSTM_256_neurons_100_days,0.06954277242527784,2.0403844529365016e-06
3,LSTM_128_neurons_30_days,0.06708066660883384,1.968146664378997e-06
4,LSTM_128_neurons_200_days,0.08399225785403365,2.464333023068602e-06
5,LSTM_128_neurons_100_days,0.09424974789688977,2.7652876153649087e-06
