,configuration,RMSE_normalized,RMSE_denormalized
0,LSTM_256_neurons_30_days,0.004366312925563077,0.00025884386310828127
1,LSTM_256_neurons_200_days,0.0055515362949392025,0.00032910629615740314
2,LSTM_256_neurons_100_days,0.00410844088515074,0.0002435564942317022
3,LSTM_128_neurons_30_days,0.004285659068007797,0.0002540621719351521
4,LSTM_128_neurons_200_days,0.006420254865939374,0.00038060555720348166
5,LSTM_128_neurons_100_days,0.007272156139936457,0.00043110802896208407
