,configuration,RMSE_normalized,RMSE_denormalized
0,LSTM_256_neurons_30_days,0.03387516301033768,1.5402226177776357
1,LSTM_256_neurons_200_days,0.020849592477005355,0.9479813966123646
2,LSTM_256_neurons_100_days,0.008356295822944773,0.3799407359252444
3,LSTM_128_neurons_30_days,0.040813283261881814,1.8556828199593232
4,LSTM_128_neurons_200_days,0.03951250476731458,1.7965386798517362
5,LSTM_128_neurons_100_days,0.037546240375467735,1.7071377226520812
