,configuration,RMSE_normalized,RMSE_denormalized
0,LSTM_128_neurons_100_days,0.02395164274447004,0.002653171203136448
1,LSTM_128_neurons_200_days,0.0053570935798402655,0.0005934192919731103
2,LSTM_128_neurons_30_days,0.01998125814669172,0.0022133634305000344
3,LSTM_256_neurons_100_days,0.013232522241998113,0.0014657945251464882
4,LSTM_256_neurons_200_days,0.00920290447003802,0.0010194285893440208
5,LSTM_256_neurons_30_days,0.015441768400597966,0.0017105162954330485
