,Average_RMSE_norm,Average_RMSE_denorm
0,0.03429790929511926,15.396010491555696
