,Average_RMSE_norm,Average_RMSE_denorm
0,0.034297923758354505,15.39597977442267
