,Average_RMSE_norm,Average_RMSE_denorm
0,0.04158996316608336,8.945057275458382
