,configuration,RMSE_normalized,RMSE_denormalized
0,LSTM_256_neurons_30_days,0.051776448453367103,2.3541515004962266
1,LSTM_256_neurons_200_days,0.035791788769966734,1.627366774232886
2,LSTM_256_neurons_100_days,0.04591671833042536,2.087723024692792
3,LSTM_128_neurons_30_days,0.058817177780231565,2.6742761081008086
4,LSTM_128_neurons_200_days,0.015018760425191022,0.682867186658058
5,LSTM_128_neurons_100_days,0.03665205601170129,1.6664811512161308
