,configuration,RMSE_normalized,RMSE_denormalized
0,LSTM_256_neurons_30_days,0.04187400141712757,0.0024823743587215983
1,LSTM_256_neurons_200_days,0.008281589166959051,0.0004909489941871401
2,LSTM_256_neurons_100_days,0.04289607853892157,0.002542965346321301
3,LSTM_128_neurons_30_days,0.057918311369995014,0.0034335130878221194
4,LSTM_128_neurons_200_days,0.03233606447236805,0.0019169464013814648
5,LSTM_128_neurons_100_days,0.04877553412898394,0.0028915108720418826
