,Average_RMSE_norm,Average_RMSE_denorm
0,0.043584157821719954,17.653756883918085
