,Average_RMSE_norm,Average_RMSE_denorm
0,0.044245970021955135,17.739609533857763
