,Average_RMSE_norm,Average_RMSE_denorm
0,0.04424598671892485,17.73963865400972
