,Average_RMSE_norm,Average_RMSE_denorm
0,0.0329565133070136,5.266028424826746
