,Average_RMSE_norm,Average_RMSE_denorm
0,0.0625518967339215,21.17507487693101
