,Average_RMSE_norm,Average_RMSE_denorm
0,0.03295650199494361,5.266044763831401
