,Average_RMSE_norm,Average_RMSE_denorm
0,0.03282105484110837,13.392413772316672
