,configuration,RMSE_normalized,RMSE_denormalized
0,LSTM_256_neurons_30_days,0.08062332300728267,222.68325720356543
1,LSTM_256_neurons_200_days,0.039500468267363545,109.10109941631464
2,LSTM_256_neurons_100_days,0.030184251088056443,83.36952389657992
3,LSTM_128_neurons_30_days,0.05823995130703573,160.85994583286626
4,LSTM_128_neurons_200_days,0.04971301532586549,137.30837516027887
5,LSTM_128_neurons_100_days,0.0410675732524193,113.42943588746073
