,configuration,RMSE_normalized,RMSE_denormalized
0,LSTM_256_neurons_30_days,0.08062075307888562,222.6761711235561
1,LSTM_256_neurons_200_days,0.03950043342011959,109.10096702313416
2,LSTM_256_neurons_100_days,0.030185290783260536,83.37234965114486
3,LSTM_128_neurons_30_days,0.0582399517551083,160.85994295970292
4,LSTM_128_neurons_200_days,0.0497130534582551,137.3084644067101
5,LSTM_128_neurons_100_days,0.041067541566095975,113.42937026519287
