,Average_RMSE_norm,Average_RMSE_denorm
0,0.027960028057864877,7.908332517315631
