,Average_RMSE_norm,Average_RMSE_denorm
0,0.06095458707025133,40.83198754720927
