,Average_RMSE_norm,Average_RMSE_denorm
0,0.039259766161786704,11.809470562251956
