,Average_RMSE_norm,Average_RMSE_denorm
0,0.03925978000510832,11.80956130131818
