,Average_RMSE_norm,Average_RMSE_denorm
0,0.028742113905781696,11.772393685214688
