,Average_RMSE_norm,Average_RMSE_denorm
0,0.028478135599930832,7.868048529671487
