,Average_RMSE_norm,Average_RMSE_denorm
0,0.08216389650791572,38.4602111121136
