,Average_RMSE_norm,Average_RMSE_denorm
0,0.028536182639086905,8.58187044990379
