,Average_RMSE_norm,Average_RMSE_denorm
0,0.04533299223645352,18.28654277589644
