,configuration,RMSE_normalized,RMSE_denormalized
0,LSTM_256_neurons_30_days,0.03095815413688838,86.94687864325245
1,LSTM_256_neurons_200_days,0.05245122092828377,147.31078174225428
2,LSTM_256_neurons_100_days,0.022043766753937318,61.91058610056472
3,LSTM_128_neurons_30_days,0.028239912314122918,79.3126091805199
4,LSTM_128_neurons_200_days,0.027883315307091518,78.31113278562708
5,LSTM_128_neurons_100_days,0.054880990433535774,154.1348627225604
