,configuration,RMSE_normalized,RMSE_denormalized
0,LSTM_256_neurons_30_days,0.019202766677977483,53.931534310016076
1,LSTM_256_neurons_200_days,0.0444992152969298,124.97734102821674
2,LSTM_256_neurons_100_days,0.02766197591784871,77.68949968415582
3,LSTM_128_neurons_30_days,0.031427820394945065,88.2659504808382
4,LSTM_128_neurons_200_days,0.054969838709261976,154.38439387823644
5,LSTM_128_neurons_100_days,0.051771171263906235,145.40085099794274
