,Average_RMSE_norm,Average_RMSE_denorm
0,0.034140551110107366,13.496195527593127
