,Average_RMSE_norm,Average_RMSE_denorm
0,0.03189028677660952,12.85147341840103
