,Average_RMSE_norm,Average_RMSE_denorm
0,0.03438966378413165,7.296879362542387
