,Average_RMSE_norm,Average_RMSE_denorm
0,0.05589330970188953,9.587826909514517
