,Average_RMSE_norm,Average_RMSE_denorm
0,0.034389651146945296,7.296818667390203
