,Average_RMSE_norm,Average_RMSE_denorm
0,0.05930404022113005,10.786877334858456
