,Average_RMSE_norm,Average_RMSE_denorm
0,0.08644059442099315,19.86360247706059
