,Average_RMSE_norm,Average_RMSE_denorm
0,0.08644060441867343,19.863619624355145
