,Average_RMSE_norm,Average_RMSE_denorm
0,0.056684417701859356,24.900483473637802
