,Average_RMSE_norm,Average_RMSE_denorm
0,0.029766320019537905,25.35889215926043
