,Average_RMSE_norm,Average_RMSE_denorm
0,0.05668438479237351,24.900473075770794
