,Average_RMSE_norm,Average_RMSE_denorm
0,0.0424636466147388,16.120447404123137
