,Average_RMSE_norm,Average_RMSE_denorm
0,0.04246364299236785,16.120438800317455
