,Average_RMSE_norm,Average_RMSE_denorm
0,0.06140992840634127,15.256226436881043
