,Average_RMSE_norm,Average_RMSE_denorm
0,0.0647646008505159,33.85596349755674
