,Average_RMSE_norm,Average_RMSE_denorm
0,0.03875821631345755,11.203073532795907
