,Average_RMSE_norm,Average_RMSE_denorm
0,0.06476467398061805,33.85604589188223
