,Average_RMSE_norm,Average_RMSE_denorm
0,0.16316652174696605,35.36661927607703
