,configuration,RMSE_normalized,RMSE_denormalized
0,LSTM_256_neurons_30_days,0.05098774606539508,10.184090851112595
1,LSTM_256_neurons_200_days,0.04033465203931656,8.056281652325032
2,LSTM_256_neurons_100_days,0.054139465090093215,10.813603103996911
3,LSTM_128_neurons_30_days,0.0611181160692312,12.207490191182243
4,LSTM_128_neurons_200_days,0.04991207369028868,9.969237727835546
5,LSTM_128_neurons_100_days,0.048365274384486685,9.660287782018566
