,configuration,RMSE_normalized,RMSE_denormalized
0,LSTM_256_neurons_30_days,0.02780138172254892,0.002944167427121661
1,LSTM_256_neurons_200_days,0.059984959734711664,0.006352407341236418
2,LSTM_256_neurons_100_days,0.03450414820762024,0.0036539895064913092
3,LSTM_128_neurons_30_days,0.026541060445838698,0.002810698531652409
4,LSTM_128_neurons_200_days,0.04475692217687639,0.004739757876080213
5,LSTM_128_neurons_100_days,0.039318129739284884,0.004163790474707897
