,configuration,RMSE_normalized,RMSE_denormalized
0,LSTM_256_neurons_30_days,0.12478071129658165,0.007703021759833664
1,LSTM_256_neurons_200_days,0.032672416094148136,0.0020169489400972697
2,LSTM_256_neurons_100_days,0.027218443024143862,0.0016802619614122145
3,LSTM_128_neurons_30_days,0.05034130126349368,0.003107693308781325
4,LSTM_128_neurons_200_days,0.028632226111737286,0.0017675387070747168
5,LSTM_128_neurons_100_days,0.05331022032669402,0.0032909720956959573
