,configuration,RMSE_normalized,RMSE_denormalized
0,LSTM_256_neurons_30_days,0.12754737479989794,3.7422400641226648e-06
1,LSTM_256_neurons_200_days,0.06446618941435223,1.891437875087106e-06
2,LSTM_256_neurons_100_days,0.07989268229337203,2.344051625857914e-06
3,LSTM_128_neurons_30_days,0.01883515631044804,5.526234309899112e-07
4,LSTM_128_neurons_200_days,0.04272240040031551,1.253475262479768e-06
5,LSTM_128_neurons_100_days,0.06168601622872229,1.809867532675936e-06
