,configuration,RMSE_normalized,RMSE_denormalized
0,LSTM_256_neurons_30_days,0.03376587230934473,4.6596916112063865e-08
1,LSTM_256_neurons_200_days,0.04870500022137039,6.721288249993395e-08
2,LSTM_256_neurons_100_days,0.06785592423523516,9.364117992087932e-08
3,LSTM_128_neurons_30_days,0.05457775158643854,7.531730151953866e-08
4,LSTM_128_neurons_200_days,0.014660143574666357,2.0230999517291988e-08
5,LSTM_128_neurons_100_days,0.02098456904254968,2.895869875234592e-08
