,configuration,RMSE_normalized,RMSE_denormalized
0,LSTM_256_neurons_30_days,0.116589089479362,0.0004020660158635293
1,LSTM_256_neurons_200_days,0.03218603324701108,0.00011099588097285942
2,LSTM_256_neurons_100_days,0.014047507389634506,4.844388165937003e-05
3,LSTM_128_neurons_30_days,0.01915936355118241,6.607244750056136e-05
4,LSTM_128_neurons_200_days,0.02444942116387236,8.431561028271719e-05
5,LSTM_128_neurons_100_days,0.0170363907803539,5.875124360719366e-05
