,configuration,RMSE_normalized,RMSE_denormalized
0,LSTM_128_neurons_100_days,0.04023021920539127,4.869061536435044e-06
1,LSTM_128_neurons_200_days,0.045585279305946684,5.51718201283366e-06
2,LSTM_128_neurons_30_days,0.02017850144721256,2.442202254012232e-06
3,LSTM_256_neurons_100_days,0.04314703210211979,5.2220837239176085e-06
4,LSTM_256_neurons_200_days,0.06321937306739077,7.651438659802084e-06
5,LSTM_256_neurons_30_days,0.06279850467063175,7.600499680545186e-06
