,Average_RMSE_norm,Average_RMSE_denorm
0,0.033207074876123545,17.420886204641263
