,Average_RMSE_norm,Average_RMSE_denorm
0,0.07167369916651711,20.546772390882882
