,Average_RMSE_norm,Average_RMSE_denorm
0,0.03320705738756495,17.420901302237564
