,Average_RMSE_norm,Average_RMSE_denorm
0,0.02579436347297684,30.877537232379343
