,Average_RMSE_norm,Average_RMSE_denorm
0,0.04285419828321661,18.10279473650263
