,Average_RMSE_norm,Average_RMSE_denorm
0,0.04285420966184425,18.102795275085256
