,configuration,RMSE_normalized,RMSE_denormalized
0,LSTM_256_neurons_30_days,0.055099665060145055,0.00019001527262155289
1,LSTM_256_neurons_200_days,0.025741064903721668,8.876997607306889e-05
2,LSTM_256_neurons_100_days,0.0225246829516894,7.767801140194907e-05
3,LSTM_128_neurons_30_days,0.012308359632520154,4.244626411488283e-05
4,LSTM_128_neurons_200_days,0.03652961349336773,0.00012597504163906542
5,LSTM_128_neurons_100_days,0.04826994846722063,0.00016646248325807332
