,configuration,RMSE_normalized,RMSE_denormalized
0,LSTM_256_neurons_30_days,0.08833217422292969,1.2189839608430009e-07
1,LSTM_256_neurons_200_days,0.07325440819701289,1.0109109031962507e-07
2,LSTM_256_neurons_100_days,0.0775266807108769,1.0698679745408912e-07
3,LSTM_128_neurons_30_days,0.09951012059706188,1.373239595507149e-07
4,LSTM_128_neurons_200_days,0.03733807589284524,5.1526529700898536e-08
5,LSTM_128_neurons_100_days,0.028933573870260063,3.99283383250244e-08
