,configuration,RMSE_normalized,RMSE_denormalized
0,LSTM_256_neurons_30_days,0.03756484231323223,0.013522904526995429
1,LSTM_256_neurons_200_days,0.03256082570877995,0.011721518384339607
2,LSTM_256_neurons_100_days,0.03383593465156607,0.012180544315929302
3,LSTM_128_neurons_30_days,0.0460702280918651,0.016584749182088722
4,LSTM_128_neurons_200_days,0.041438390045641066,0.014917337865722137
5,LSTM_128_neurons_100_days,0.033047333023547135,0.011896656377617242
