Real               ,Predicted
0.55129667655335   ,0.5522506094548427
0.26982456140350874,0.26787976549933806
0.49375            ,0.4991739946734919
0.24287410926365796,0.24232040310122188
