Real               ,Predicted
0.5399650163510533 ,0.5509024372664015
0.2656140350877193 ,0.26832395562297584
0.4925             ,0.5014212456485176
0.23990498812351543,0.24691867108412727
