Real               ,Predicted
0.5399650163510533 ,0.5509008476293864
0.26526315789473687,0.27248512279894654
0.506125           ,0.5152234495502029
0.248812351543943  ,0.24854975011585262
