Real              ,Predicted
0.5512206251425964,0.549702952374794
0.2719298245614035,0.27435276396193176
0.516125          ,0.5224187344891628
0.248812351543943 ,0.25489902479281923
