Real               ,Predicted
0.5505361624458134 ,0.5395139666927902
0.2649122807017544 ,0.2718233027265995
0.487              ,0.49346445401393074
0.24287410926365796,0.24302225680759595
