Real               ,Predicted
0.5360863944026162 ,0.5401618373034134
0.2670175438596491 ,0.2745357403648931
0.496875           ,0.5059105416998646
0.24287410926365796,0.24543689271204563
