Real               ,Predicted
0.5550992470910335 ,0.5441243105859523
0.26666666666666666,0.2683025981177904
0.499875           ,0.48624112238867345
0.23990498812351543,0.23808858943006778
