Real              ,Predicted
0.5543387329834969,0.5546317174739605
0.2807017543859649,0.2810198493767114
0.53125           ,0.5306960730408347
0.248812351543943 ,0.2562960604886416
