Real               ,Predicted
0.5550992470910335 ,0.5567384890452833
0.28421052631578947,0.2816805109097416
0.537875           ,0.5421730256882094
0.24584323040380046,0.24592130756591182
