Real               ,Predicted
0.5627043881664004 ,0.5823279949803407
0.28350877192982454,0.29752198105704003
0.5515             ,0.5524355449739393
0.2517814726840855 ,0.2645893419851315
