Real               ,Predicted
0.541181838923112  ,0.5498444610987412
0.27017543859649124,0.2673597782783334
0.4865             ,0.4883172530031753
0.24584323040380046,0.24283607590847617
