Real               ,Predicted
0.55129667655335   ,0.5534487650553395
0.2771929824561403 ,0.27814261108175353
0.55               ,0.5591460816036321
0.24584323040380046,0.24475030019665894
