Real               ,Predicted
0.55129667655335   ,0.5474824535522738
0.2631578947368421 ,0.26412887214310643
0.49               ,0.48949406086777275
0.24287410926365796,0.23980243214012306
