Real               ,Predicted
0.5550992470910335 ,0.5553206011077121
0.2771929824561403 ,0.2790311097575982
0.5375             ,0.540829553071885
0.24584323040380046,0.24625927217566707
