Real               ,Predicted
0.5550992470910335 ,0.5507141340841974
0.2771929824561403 ,0.27873701462430056
0.540625           ,0.5494328677341681
0.24584323040380046,0.2456129061636607
