Real               ,Predicted
0.5398889649402996 ,0.5393705916600384
0.27017543859649124,0.27153564241443917
0.493125           ,0.4931260277701158
0.24287410926365796,0.24498068920613994
