Real               ,Predicted
0.5474941060156666 ,0.5467962099377282
0.2631578947368421 ,0.2634614219580821
0.48125            ,0.48622540691548144
0.23871733966745842,0.23825093693286056
