Real               ,Predicted
0.5436915354779831 ,0.5337898236619766
0.25263157894736843,0.25291329532384227
0.4775             ,0.4788810466464372
0.23403206650831354,0.23634888103951548
