Real               ,Predicted
0.5474941060156666 ,0.5381754261171715
0.2736842105263158 ,0.2752442748916485
0.5125             ,0.506432843864277
0.24584323040380046,0.24133264734471696
