Real               ,Predicted
0.5550992470910335 ,0.5541754263895868
0.28035087719298246,0.2820002719812451
0.535625           ,0.5363965554671899
0.2577137767220903 ,0.2422189700611092
