Real               ,Predicted
0.5399650163510533 ,0.5421935736354577
0.2631578947368421 ,0.26504917259376226
0.475              ,0.4635339750077763
0.23693586698337293,0.23348718066195384
