,Average_RMSE_norm,Average_RMSE_denorm
0,0.02843718993050612,4.78464244071236
