,Average_RMSE_norm,Average_RMSE_denorm
0,0.05300854946190222,21.32419627019383
