,Average_RMSE_norm,Average_RMSE_denorm
0,0.05300856718509512,21.324197169852326
