,Average_RMSE_norm,Average_RMSE_denorm
0,0.06429054698522667,20.730558397417195
