,Average_RMSE_norm,Average_RMSE_denorm
0,0.08564227696462672,40.08187048335834
