,Average_RMSE_norm,Average_RMSE_denorm
0,0.08564230761614136,40.08151822933527
