,Average_RMSE_norm,Average_RMSE_denorm
0,0.03128204261549139,13.693589992253816
