,Average_RMSE_norm,Average_RMSE_denorm
0,0.06832273963199113,40.452427849100204
