,configuration,RMSE_normalized,RMSE_denormalized
0,LSTM_256_neurons_30_days,0.04571664559649757,2.612632447395744
1,LSTM_256_neurons_200_days,0.06767246579638889,3.867371547475689
2,LSTM_256_neurons_100_days,0.0515268653323795,2.944677042885389
3,LSTM_128_neurons_30_days,0.040110110903238634,2.2922275005744908
4,LSTM_128_neurons_200_days,0.052135643666299934,2.9794676186728184
5,LSTM_128_neurons_100_days,0.04865486429549815,2.7805467261617896
