,configuration,RMSE_normalized,RMSE_denormalized
0,LSTM_256_neurons_30_days,0.04571800442351728,2.612710118548543
1,LSTM_256_neurons_200_days,0.06767241104295828,3.867368588714205
2,LSTM_256_neurons_100_days,0.05152688478578667,2.9446775328740715
3,LSTM_128_neurons_30_days,0.0401104021665122,2.2922441804890523
4,LSTM_128_neurons_200_days,0.05213562793432477,2.979466612140617
5,LSTM_128_neurons_100_days,0.04865485063059556,2.7805458055029857
