,configuration,RMSE_normalized,RMSE_denormalized
0,LSTM_256_neurons_30_days,0.07033076015964111,3.1753214077528686
1,LSTM_256_neurons_200_days,0.06856230701508613,3.0954793449384064
2,LSTM_256_neurons_100_days,0.04636255257709872,2.0931950484192186
3,LSTM_128_neurons_30_days,0.039766781848749,1.7954069682838596
4,LSTM_128_neurons_200_days,0.06785164945775972,3.0633940883779287
5,LSTM_128_neurons_100_days,0.042324623858712544,1.9108894776125935
