,configuration,RMSE_normalized,RMSE_denormalized
0,LSTM_256_neurons_30_days,0.07033124219743668,3.175343364401612
1,LSTM_256_neurons_200_days,0.06856227568038599,3.095477935111321
2,LSTM_256_neurons_100_days,0.0463625555707583,2.093195189676845
3,LSTM_128_neurons_30_days,0.03976664818921837,1.7954006264113729
4,LSTM_128_neurons_200_days,0.06785168033407088,3.063395077901584
5,LSTM_128_neurons_100_days,0.04232462016544146,1.910889235638589
