,Average_RMSE_norm,Average_RMSE_denorm
0,0.033906600300528125,11.791649199949982
