,Average_RMSE_norm,Average_RMSE_denorm
0,0.07047665778055826,33.62540652310334
