,Average_RMSE_norm,Average_RMSE_denorm
0,0.025907480342412,6.229783874995193
