,Average_RMSE_norm,Average_RMSE_denorm
0,0.0665016616645386,8.996985772681182
