,Average_RMSE_norm,Average_RMSE_denorm
0,0.033277911520693315,15.431013476836963
