,Average_RMSE_norm,Average_RMSE_denorm
0,0.03327792347161769,15.43099685038831
