,Average_RMSE_norm,Average_RMSE_denorm
0,0.06412100674249452,10.220596859992886
