,Average_RMSE_norm,Average_RMSE_denorm
0,0.053635634709264114,21.068593850422744
