,Average_RMSE_norm,Average_RMSE_denorm
0,0.0641214549246663,10.221842817824417
