,configuration,RMSE_normalized,RMSE_denormalized
0,LSTM_256_neurons_30_days,0.2027308407690793,0.012515074622828005
1,LSTM_256_neurons_200_days,0.05954958968779533,0.0036761426313168
2,LSTM_256_neurons_100_days,0.2361311807942298,0.014576960573196863
3,LSTM_128_neurons_30_days,0.08144848478544234,0.0050280163376828285
4,LSTM_128_neurons_200_days,0.06952642735560996,0.0042920384169329775
5,LSTM_128_neurons_100_days,0.09679742741374342,0.005975543919676475
