,configuration,RMSE_normalized,RMSE_denormalized
0,LSTM_256_neurons_30_days,0.22234230239914185,6.523522868863325e-06
1,LSTM_256_neurons_200_days,0.2446399729110421,7.1777364960323865e-06
2,LSTM_256_neurons_100_days,0.20989875937285973,6.158429166129912e-06
3,LSTM_128_neurons_30_days,0.13830632187501604,4.057907486146747e-06
4,LSTM_128_neurons_200_days,0.017453423108589272,5.120834081958175e-07
5,LSTM_128_neurons_100_days,0.1596737354304046,4.6848269372765954e-06
