,Average_RMSE_norm,Average_RMSE_denorm
0,0.061468008692699895,43.207453025479694
