,Average_RMSE_norm,Average_RMSE_denorm
0,0.029873770698463153,9.508745408254189
