,Average_RMSE_norm,Average_RMSE_denorm
0,0.03789475899401859,19.44719863670703
