,Average_RMSE_norm,Average_RMSE_denorm
0,0.2107832371986637,6.314032338273822
