,configuration,RMSE_normalized,RMSE_denormalized
0,LSTM_256_neurons_30_days,0.0809019287694288,3.6525931233791975
1,LSTM_256_neurons_200_days,0.036709388388202764,1.657370176725654
2,LSTM_256_neurons_100_days,0.0327391708192036,1.478121268103244
3,LSTM_128_neurons_30_days,0.02671907393247677,1.2063239496692726
4,LSTM_128_neurons_200_days,0.03408103937372981,1.5387046836893057
5,LSTM_128_neurons_100_days,0.03049356023794745,1.3767354329088006
