,configuration,RMSE_normalized,RMSE_denormalized
0,LSTM_256_neurons_30_days,0.023607131063923963,65.20335998535158
1,LSTM_256_neurons_200_days,0.013856955482461573,38.273189086914094
2,LSTM_256_neurons_100_days,0.021404475556413005,59.119589029947925
3,LSTM_128_neurons_30_days,0.024855566756681657,68.65155985514325
4,LSTM_128_neurons_200_days,0.023697572186754796,65.45315470377605
5,LSTM_128_neurons_100_days,0.026173757532493108,72.29243143717449
