Real,Predicted
0.19151200932650742,0.18928514542016928
0.035496802690533874,0.03481818957713759
0.03928636683307463,0.03477947635419673
0.05669828667466637,0.05498973501562806
0.013876504263304725,0.01433164702168652
0.012561499319589851,0.013569013452033991
0.12449212359706233,0.1270102021005058
0.008096989236319834,0.008048010202946551
