Real,Predicted
0.29818755838118477,0.2944436226864193
0.5015440365082012,0.5628015980761766
0.04499672893677266,0.046415927640422655
0.060167814158972564,0.05542402302261443
0.05993694853401698,0.07168343903854674
0.022127544298744712,0.01996320419839517
0.3791807549420602,0.3933392940597521
0.02118730492426978,0.009949082890912949
