Real,Predicted
0.19151200932650742,0.1897601537882935
0.06377153287447238,0.06228406771764108
0.10144927536231882,0.0857792937454147
0.08457555311470266,0.08159781343759445
0.03734611253408246,0.039935437517274366
0.031356509884117256,0.030124632248385
0.38617200674536256,0.39321840024650606
0.02363504003882553,0.02310544646274882
