Real,Predicted
0.12994837111968777,0.13038364328656155
0.1561775107426703,0.15925948875986357
0.17391304347826084,0.16982321395415095
0.1350227522359956,0.1237751557357945
0.08039329091960672,0.0823130543605319
0.06748466257668713,0.05912322271832141
0.31956155143338955,0.2656962181711869
0.029361805387041983,0.031842865936437065
