Real,Predicted
0.8853447838900516,1.0376936732833557
0.9512813305640153,0.9376994652196671
0.9841245925234755,0.9237124939743302
0.6885085467898664,0.7010758451677503
0.8981399581168525,0.8183520999069204
0.7030878478547746,0.6530798076476412
0.9848161044123568,0.9732914276672361
0.754952323463756,0.679084753619578
