Real,Predicted
0.2041187247014866,0.20516683135022276
0.060158953492793855,0.057762710967991765
0.08695652173913043,0.0947746914289973
0.060528793346932355,0.058056067602300476
0.033958522680327195,0.034951220855387315
0.07805044308111793,0.04316215177675415
0.41526138279932545,0.4074438102144178
0.020626061635525356,0.020415341670922894
