Real,Predicted
0.2884700328020796,0.28808386379997214
0.08784139578933195,0.08090502404205217
0.033798589555697076,0.03758102714053717
0.05626853773865019,0.054948285672076415
0.028142587198715194,0.02730709133598852
0.021012066524807665,0.02033074734936688
0.23183528095146608,0.2229853676247554
0.006126505187389372,0.006707994834708729
