Real,Predicted
0.2041187247014866,0.20524785337973375
0.03656559437855665,0.03564852427096332
0.038366276090611266,0.04100809108747012
0.050976123802267556,0.04982831773391687
0.013388098664957718,0.013604812417694807
0.031315295660379806,0.018410025672869097
0.14119753744120717,0.13889969231184107
0.007814596248101326,0.007780071129393909
