Real,Predicted
0.17590024692073192,0.18363669421194775
0.03945131351838843,0.033315335710645086
0.03958837581771868,0.04012083973429525
0.061362249870550806,0.06164991577554044
0.015155951691392631,0.013770592735327443
0.01933745837579585,0.01734844883389454
0.09204490331490199,0.078121407178092
0.012302296407328682,0.01034431846039915
