Real,Predicted
0.526078739473284,0.49353738415363557
0.44860937036565135,0.5616988870234176
0.36296634471609984,0.4540682619902859
0.548716472662813,0.7606960799481336
0.4637238480486966,0.49367016973104483
0.5695897910557659,1.0754567652628642
0.4761703533012103,0.6419240519211851
0.4892951383989039,0.5014511918875009
