Real,Predicted
0.16050209629184436,0.16203809733818766
0.03651434601266701,0.037102626643181515
0.04564148839654803,0.04356083514072669
0.06098111438805946,0.06025345716796889
0.026637837616054615,0.026040907526622945
0.016618641266260264,0.016957736118727793
0.02739099083822287,0.02688740891272331
0.0062513844890557555,0.005986931975134035
