Real,Predicted
0.37588793708952145,0.37289990163262143
0.34752979496790526,0.34531157268801316
0.10815552137523322,0.10081875793744072
0.2367225603105605,0.22022397044338643
0.1330274301425682,0.11626355002276369
0.04115882183469874,0.041653430882372104
0.3493687625711902,0.34819643696892494
0.08178009346967846,0.06918816221174734
