Real,Predicted
0.16050209629184436,0.1613120208544637
0.080978818876678,0.08330135371913977
0.15217391304347824,0.14487809777311922
0.12141063863172756,0.11877365314391337
0.08204577377509709,0.08086068880215308
0.05385139740967961,0.0529186301266435
0.08149241146711636,0.08016351146971817
0.02416889104586266,0.023728414614899416
