Real,Predicted
0.25600104271511426,0.254608027551084
0.10446058485758834,0.10569161360869236
0.05072463768115941,0.05255422651622017
0.041424760709242114,0.04017781989280057
0.04073370238783773,0.04259363779676799
0.033401499659168374,0.03147636940999325
0.5505902192242833,0.5225118555988222
0.012132977432661975,0.012240356038432883
