Real,Predicted
0.14956082866887277,0.14907484642053795
0.04760992142389451,0.04602125367622604
0.04037220729769117,0.04493100664610646
0.05850695557094436,0.05813580431808686
0.023449603598671435,0.025269213489423663
0.017908254300318664,0.0161233655076859
0.20768832778257504,0.21510815282328197
0.005536200610908572,0.005563769490350223
