Real,Predicted
0.12994837111968777,0.1300842781827516
0.05416772957337166,0.05460144489619727
0.04252103819524882,0.04043888127153114
0.054950337085312856,0.052939992570080724
0.0230405568652536,0.02312682931104407
0.016750364487269288,0.01816938537714896
0.08072335008732891,0.06811265731587203
0.00600217118107139,0.00613267871399495
