Real,Predicted
0.8853447838900516,1.0115663615853332
0.5574590257443816,0.5801536425826123
0.7318840579710145,0.7355314027631463
0.3048799623411266,0.3100498854958826
0.6166239775262332,0.5864125711182051
0.46148602590320376,0.4695409252229181
0.7605396290050591,0.8020148798414802
0.42877942247027423,0.3967568454471111
