Real,Predicted
0.2884700328020796,0.2885983221466093
0.13012891204319887,0.11756552419137191
0.0289855072463768,0.035544607739091814
0.02769496312568649,0.023404719956332372
0.0556060480872511,0.054858786169159054
0.02794819359236537,0.02165654587256371
0.5265598650927488,0.5047581466783172
0.0081048289250182,0.008936707290092652
