Real,Predicted
0.25600104271511426,0.25307779897481125
0.0665954932753561,0.06718825627482726
0.03654589989963674,0.03773481922062808
0.055714327269303254,0.056149192925802546
0.018925432219029394,0.019454903253312034
0.020201507694048004,0.02125344413057583
0.2196531451145638,0.2092057898879245
0.006732529437059638,0.007056663880398328
